{
  "type": "FeatureCollection",
  "features": [
    {
      "type": "Feature",
      "id": "q1-intersection-0000",
      "properties": {
        "source_feature_index": 0,
        "source_relation_id": "19260504",
        "district_id": 1,
        "district_name": "Quận 1",
        "longitude": 106.7045345,
        "latitude": 10.7706473,
        "street_count": 4,
        "highway": null,
        "ref": null
      },
      "geometry": {
        "type": "Point",
        "coordinates": [
          106.7045345,
          10.7706473
        ]
      }
    },
    {
      "type": "Feature",
      "id": "q1-intersection-0001",
      "properties": {
        "source_feature_index": 1,
        "source_relation_id": "19260504",
        "district_id": 1,
        "district_name": "Quận 1",
        "longitude": 106.7050529,
        "latitude": 10.7730152,
        "street_count": 3,
        "highway": null,
        "ref": null
      },
      "geometry": {
        "type": "Point",
        "coordinates": [
          106.7050529,
          10.7730152
        ]
      }
    },
    {
      "type": "Feature",
      "id": "q1-intersection-0002",
      "properties": {
        "source_feature_index": 2,
        "source_relation_id": "19260504",
        "district_id": 1,
        "district_name": "Quận 1",
        "longitude": 106.7048194,
        "latitude": 10.7727751,
        "street_count": 3,
        "highway": null,
        "ref": null
      },
      "geometry": {
        "type": "Point",
        "coordinates": [
          106.7048194,
          10.7727751
        ]
      }
    },
    {
      "type": "Feature",
      "id": "q1-intersection-0003",
      "properties": {
        "source_feature_index": 3,
        "source_relation_id": "19260504",
        "district_id": 1,
        "district_name": "Quận 1",
        "longitude": 106.7008703,
        "latitude": 10.7858296,
        "street_count": 3,
        "highway": null,
        "ref": null
      },
      "geometry": {
        "type": "Point",
        "coordinates": [
          106.7008703,
          10.7858296
        ]
      }
    },
    {
      "type": "Feature",
      "id": "q1-intersection-0004",
      "properties": {
        "source_feature_index": 4,
        "source_relation_id": "19260504",
        "district_id": 1,
        "district_name": "Quận 1",
        "longitude": 106.7045046,
        "latitude": 10.7896217,
        "street_count": 3,
        "highway": null,
        "ref": null
      },
      "geometry": {
        "type": "Point",
        "coordinates": [
          106.7045046,
          10.7896217
        ]
      }
    },
    {
      "type": "Feature",
      "id": "q1-intersection-0005",
      "properties": {
        "source_feature_index": 5,
        "source_relation_id": "19260504",
        "district_id": 1,
        "district_name": "Quận 1",
        "longitude": 106.7053153,
        "latitude": 10.7786557,
        "street_count": 4,
        "highway": null,
        "ref": null
      },
      "geometry": {
        "type": "Point",
        "coordinates": [
          106.7053153,
          10.7786557
        ]
      }
    },
    {
      "type": "Feature",
      "id": "q1-intersection-0006",
      "properties": {
        "source_feature_index": 6,
        "source_relation_id": "19260504",
        "district_id": 1,
        "district_name": "Quận 1",
        "longitude": 106.704781,
        "latitude": 10.777232,
        "street_count": 1,
        "highway": null,
        "ref": null
      },
      "geometry": {
        "type": "Point",
        "coordinates": [
          106.704781,
          10.777232
        ]
      }
    },
    {
      "type": "Feature",
      "id": "q1-intersection-0007",
      "properties": {
        "source_feature_index": 7,
        "source_relation_id": "19260504",
        "district_id": 1,
        "district_name": "Quận 1",
        "longitude": 106.7043473,
        "latitude": 10.777634,
        "street_count": 3,
        "highway": null,
        "ref": null
      },
      "geometry": {
        "type": "Point",
        "coordinates": [
          106.7043473,
          10.777634
        ]
      }
    },
    {
      "type": "Feature",
      "id": "q1-intersection-0008",
      "properties": {
        "source_feature_index": 8,
        "source_relation_id": "19260504",
        "district_id": 1,
        "district_name": "Quận 1",
        "longitude": 106.6989238,
        "latitude": 10.782134,
        "street_count": 3,
        "highway": null,
        "ref": null
      },
      "geometry": {
        "type": "Point",
        "coordinates": [
          106.6989238,
          10.782134
        ]
      }
    },
    {
      "type": "Feature",
      "id": "q1-intersection-0009",
      "properties": {
        "source_feature_index": 9,
        "source_relation_id": "19260504",
        "district_id": 1,
        "district_name": "Quận 1",
        "longitude": 106.6988256,
        "latitude": 10.7796124,
        "street_count": 3,
        "highway": null,
        "ref": null
      },
      "geometry": {
        "type": "Point",
        "coordinates": [
          106.6988256,
          10.7796124
        ]
      }
    },
    {
      "type": "Feature",
      "id": "q1-intersection-0010",
      "properties": {
        "source_feature_index": 10,
        "source_relation_id": "19260504",
        "district_id": 1,
        "district_name": "Quận 1",
        "longitude": 106.6988748,
        "latitude": 10.7803507,
        "street_count": 3,
        "highway": "traffic_signals",
        "ref": null
      },
      "geometry": {
        "type": "Point",
        "coordinates": [
          106.6988748,
          10.7803507
        ]
      }
    },
    {
      "type": "Feature",
      "id": "q1-intersection-0011",
      "properties": {
        "source_feature_index": 11,
        "source_relation_id": "19260504",
        "district_id": 1,
        "district_name": "Quận 1",
        "longitude": 106.7067032,
        "latitude": 10.7755731,
        "street_count": 3,
        "highway": null,
        "ref": null
      },
      "geometry": {
        "type": "Point",
        "coordinates": [
          106.7067032,
          10.7755731
        ]
      }
    },
    {
      "type": "Feature",
      "id": "q1-intersection-0012",
      "properties": {
        "source_feature_index": 12,
        "source_relation_id": "19260504",
        "district_id": 1,
        "district_name": "Quận 1",
        "longitude": 106.7066578,
        "latitude": 10.7749437,
        "street_count": 3,
        "highway": null,
        "ref": null
      },
      "geometry": {
        "type": "Point",
        "coordinates": [
          106.7066578,
          10.7749437
        ]
      }
    },
    {
      "type": "Feature",
      "id": "q1-intersection-0013",
      "properties": {
        "source_feature_index": 13,
        "source_relation_id": "19260504",
        "district_id": 1,
        "district_name": "Quận 1",
        "longitude": 106.7062362,
        "latitude": 10.7748235,
        "street_count": 3,
        "highway": null,
        "ref": null
      },
      "geometry": {
        "type": "Point",
        "coordinates": [
          106.7062362,
          10.7748235
        ]
      }
    },
    {
      "type": "Feature",
      "id": "q1-intersection-0014",
      "properties": {
        "source_feature_index": 14,
        "source_relation_id": "19260504",
        "district_id": 1,
        "district_name": "Quận 1",
        "longitude": 106.7060822,
        "latitude": 10.7756531,
        "street_count": 3,
        "highway": null,
        "ref": null
      },
      "geometry": {
        "type": "Point",
        "coordinates": [
          106.7060822,
          10.7756531
        ]
      }
    },
    {
      "type": "Feature",
      "id": "q1-intersection-0015",
      "properties": {
        "source_feature_index": 15,
        "source_relation_id": "19260504",
        "district_id": 1,
        "district_name": "Quận 1",
        "longitude": 106.7063124,
        "latitude": 10.7757948,
        "street_count": 3,
        "highway": null,
        "ref": null
      },
      "geometry": {
        "type": "Point",
        "coordinates": [
          106.7063124,
          10.7757948
        ]
      }
    },
    {
      "type": "Feature",
      "id": "q1-intersection-0016",
      "properties": {
        "source_feature_index": 16,
        "source_relation_id": "19260504",
        "district_id": 1,
        "district_name": "Quận 1",
        "longitude": 106.7060302,
        "latitude": 10.774986,
        "street_count": 3,
        "highway": null,
        "ref": null
      },
      "geometry": {
        "type": "Point",
        "coordinates": [
          106.7060302,
          10.774986
        ]
      }
    },
    {
      "type": "Feature",
      "id": "q1-intersection-0017",
      "properties": {
        "source_feature_index": 17,
        "source_relation_id": "19260504",
        "district_id": 1,
        "district_name": "Quận 1",
        "longitude": 106.7059333,
        "latitude": 10.775332,
        "street_count": 3,
        "highway": null,
        "ref": null
      },
      "geometry": {
        "type": "Point",
        "coordinates": [
          106.7059333,
          10.775332
        ]
      }
    },
    {
      "type": "Feature",
      "id": "q1-intersection-0018",
      "properties": {
        "source_feature_index": 18,
        "source_relation_id": "19260504",
        "district_id": 1,
        "district_name": "Quận 1",
        "longitude": 106.7024222,
        "latitude": 10.7710773,
        "street_count": 4,
        "highway": null,
        "ref": null
      },
      "geometry": {
        "type": "Point",
        "coordinates": [
          106.7024222,
          10.7710773
        ]
      }
    },
    {
      "type": "Feature",
      "id": "q1-intersection-0019",
      "properties": {
        "source_feature_index": 19,
        "source_relation_id": "19260504",
        "district_id": 1,
        "district_name": "Quận 1",
        "longitude": 106.7035181,
        "latitude": 10.7706933,
        "street_count": 3,
        "highway": null,
        "ref": null
      },
      "geometry": {
        "type": "Point",
        "coordinates": [
          106.7035181,
          10.7706933
        ]
      }
    },
    {
      "type": "Feature",
      "id": "q1-intersection-0020",
      "properties": {
        "source_feature_index": 20,
        "source_relation_id": "19260504",
        "district_id": 1,
        "district_name": "Quận 1",
        "longitude": 106.7025753,
        "latitude": 10.7707369,
        "street_count": 4,
        "highway": null,
        "ref": null
      },
      "geometry": {
        "type": "Point",
        "coordinates": [
          106.7025753,
          10.7707369
        ]
      }
    },
    {
      "type": "Feature",
      "id": "q1-intersection-0021",
      "properties": {
        "source_feature_index": 21,
        "source_relation_id": "19260504",
        "district_id": 1,
        "district_name": "Quận 1",
        "longitude": 106.6968156,
        "latitude": 10.7796409,
        "street_count": 4,
        "highway": null,
        "ref": null
      },
      "geometry": {
        "type": "Point",
        "coordinates": [
          106.6968156,
          10.7796409
        ]
      }
    },
    {
      "type": "Feature",
      "id": "q1-intersection-0022",
      "properties": {
        "source_feature_index": 22,
        "source_relation_id": "19260504",
        "district_id": 1,
        "district_name": "Quận 1",
        "longitude": 106.7033721,
        "latitude": 10.7710294,
        "street_count": 4,
        "highway": null,
        "ref": null
      },
      "geometry": {
        "type": "Point",
        "coordinates": [
          106.7033721,
          10.7710294
        ]
      }
    },
    {
      "type": "Feature",
      "id": "q1-intersection-0023",
      "properties": {
        "source_feature_index": 23,
        "source_relation_id": "19260504",
        "district_id": 1,
        "district_name": "Quận 1",
        "longitude": 106.6991234,
        "latitude": 10.7879778,
        "street_count": 3,
        "highway": null,
        "ref": null
      },
      "geometry": {
        "type": "Point",
        "coordinates": [
          106.6991234,
          10.7879778
        ]
      }
    },
    {
      "type": "Feature",
      "id": "q1-intersection-0024",
      "properties": {
        "source_feature_index": 24,
        "source_relation_id": "19260504",
        "district_id": 1,
        "district_name": "Quận 1",
        "longitude": 106.6976719,
        "latitude": 10.7864515,
        "street_count": 4,
        "highway": null,
        "ref": null
      },
      "geometry": {
        "type": "Point",
        "coordinates": [
          106.6976719,
          10.7864515
        ]
      }
    },
    {
      "type": "Feature",
      "id": "q1-intersection-0025",
      "properties": {
        "source_feature_index": 25,
        "source_relation_id": "19260504",
        "district_id": 1,
        "district_name": "Quận 1",
        "longitude": 106.7057341,
        "latitude": 10.7772268,
        "street_count": 3,
        "highway": null,
        "ref": null
      },
      "geometry": {
        "type": "Point",
        "coordinates": [
          106.7057341,
          10.7772268
        ]
      }
    },
    {
      "type": "Feature",
      "id": "q1-intersection-0026",
      "properties": {
        "source_feature_index": 26,
        "source_relation_id": "19260504",
        "district_id": 1,
        "district_name": "Quận 1",
        "longitude": 106.7088516,
        "latitude": 10.7857313,
        "street_count": 3,
        "highway": null,
        "ref": null
      },
      "geometry": {
        "type": "Point",
        "coordinates": [
          106.7088516,
          10.7857313
        ]
      }
    },
    {
      "type": "Feature",
      "id": "q1-intersection-0027",
      "properties": {
        "source_feature_index": 27,
        "source_relation_id": "19260504",
        "district_id": 1,
        "district_name": "Quận 1",
        "longitude": 106.6999227,
        "latitude": 10.7768018,
        "street_count": 4,
        "highway": "traffic_signals",
        "ref": null
      },
      "geometry": {
        "type": "Point",
        "coordinates": [
          106.6999227,
          10.7768018
        ]
      }
    },
    {
      "type": "Feature",
      "id": "q1-intersection-0028",
      "properties": {
        "source_feature_index": 28,
        "source_relation_id": "19260504",
        "district_id": 1,
        "district_name": "Quận 1",
        "longitude": 106.7004291,
        "latitude": 10.7756638,
        "street_count": 4,
        "highway": null,
        "ref": null
      },
      "geometry": {
        "type": "Point",
        "coordinates": [
          106.7004291,
          10.7756638
        ]
      }
    },
    {
      "type": "Feature",
      "id": "q1-intersection-0029",
      "properties": {
        "source_feature_index": 29,
        "source_relation_id": "19260504",
        "district_id": 1,
        "district_name": "Quận 1",
        "longitude": 106.6988723,
        "latitude": 10.777776,
        "street_count": 4,
        "highway": "traffic_signals",
        "ref": null
      },
      "geometry": {
        "type": "Point",
        "coordinates": [
          106.6988723,
          10.777776
        ]
      }
    },
    {
      "type": "Feature",
      "id": "q1-intersection-0030",
      "properties": {
        "source_feature_index": 30,
        "source_relation_id": "19260504",
        "district_id": 1,
        "district_name": "Quận 1",
        "longitude": 106.7010766,
        "latitude": 10.7741609,
        "street_count": 4,
        "highway": null,
        "ref": null
      },
      "geometry": {
        "type": "Point",
        "coordinates": [
          106.7010766,
          10.7741609
        ]
      }
    },
    {
      "type": "Feature",
      "id": "q1-intersection-0031",
      "properties": {
        "source_feature_index": 31,
        "source_relation_id": "19260504",
        "district_id": 1,
        "district_name": "Quận 1",
        "longitude": 106.7039506,
        "latitude": 10.7752637,
        "street_count": 3,
        "highway": null,
        "ref": null
      },
      "geometry": {
        "type": "Point",
        "coordinates": [
          106.7039506,
          10.7752637
        ]
      }
    },
    {
      "type": "Feature",
      "id": "q1-intersection-0032",
      "properties": {
        "source_feature_index": 32,
        "source_relation_id": "19260504",
        "district_id": 1,
        "district_name": "Quận 1",
        "longitude": 106.7043426,
        "latitude": 10.7749051,
        "street_count": 4,
        "highway": null,
        "ref": null
      },
      "geometry": {
        "type": "Point",
        "coordinates": [
          106.7043426,
          10.7749051
        ]
      }
    },
    {
      "type": "Feature",
      "id": "q1-intersection-0033",
      "properties": {
        "source_feature_index": 33,
        "source_relation_id": "19260504",
        "district_id": 1,
        "district_name": "Quận 1",
        "longitude": 106.7032908,
        "latitude": 10.7803853,
        "street_count": 3,
        "highway": null,
        "ref": null
      },
      "geometry": {
        "type": "Point",
        "coordinates": [
          106.7032908,
          10.7803853
        ]
      }
    },
    {
      "type": "Feature",
      "id": "q1-intersection-0034",
      "properties": {
        "source_feature_index": 34,
        "source_relation_id": "19260504",
        "district_id": 1,
        "district_name": "Quận 1",
        "longitude": 106.7027569,
        "latitude": 10.7918269,
        "street_count": 3,
        "highway": null,
        "ref": null
      },
      "geometry": {
        "type": "Point",
        "coordinates": [
          106.7027569,
          10.7918269
        ]
      }
    },
    {
      "type": "Feature",
      "id": "q1-intersection-0035",
      "properties": {
        "source_feature_index": 35,
        "source_relation_id": "19260504",
        "district_id": 1,
        "district_name": "Quận 1",
        "longitude": 106.7028609,
        "latitude": 10.7878944,
        "street_count": 3,
        "highway": null,
        "ref": null
      },
      "geometry": {
        "type": "Point",
        "coordinates": [
          106.7028609,
          10.7878944
        ]
      }
    },
    {
      "type": "Feature",
      "id": "q1-intersection-0036",
      "properties": {
        "source_feature_index": 36,
        "source_relation_id": "19260504",
        "district_id": 1,
        "district_name": "Quận 1",
        "longitude": 106.7033378,
        "latitude": 10.7918788,
        "street_count": 3,
        "highway": null,
        "ref": null
      },
      "geometry": {
        "type": "Point",
        "coordinates": [
          106.7033378,
          10.7918788
        ]
      }
    },
    {
      "type": "Feature",
      "id": "q1-intersection-0037",
      "properties": {
        "source_feature_index": 37,
        "source_relation_id": "19260504",
        "district_id": 1,
        "district_name": "Quận 1",
        "longitude": 106.703645,
        "latitude": 10.792299,
        "street_count": 3,
        "highway": null,
        "ref": null
      },
      "geometry": {
        "type": "Point",
        "coordinates": [
          106.703645,
          10.792299
        ]
      }
    },
    {
      "type": "Feature",
      "id": "q1-intersection-0038",
      "properties": {
        "source_feature_index": 38,
        "source_relation_id": "19260504",
        "district_id": 1,
        "district_name": "Quận 1",
        "longitude": 106.7032629,
        "latitude": 10.7917082,
        "street_count": 3,
        "highway": null,
        "ref": null
      },
      "geometry": {
        "type": "Point",
        "coordinates": [
          106.7032629,
          10.7917082
        ]
      }
    },
    {
      "type": "Feature",
      "id": "q1-intersection-0039",
      "properties": {
        "source_feature_index": 39,
        "source_relation_id": "19260504",
        "district_id": 1,
        "district_name": "Quận 1",
        "longitude": 106.7045613,
        "latitude": 10.7920395,
        "street_count": 3,
        "highway": null,
        "ref": null
      },
      "geometry": {
        "type": "Point",
        "coordinates": [
          106.7045613,
          10.7920395
        ]
      }
    },
    {
      "type": "Feature",
      "id": "q1-intersection-0040",
      "properties": {
        "source_feature_index": 40,
        "source_relation_id": "19260504",
        "district_id": 1,
        "district_name": "Quận 1",
        "longitude": 106.7044385,
        "latitude": 10.7916328,
        "street_count": 4,
        "highway": null,
        "ref": null
      },
      "geometry": {
        "type": "Point",
        "coordinates": [
          106.7044385,
          10.7916328
        ]
      }
    },
    {
      "type": "Feature",
      "id": "q1-intersection-0041",
      "properties": {
        "source_feature_index": 41,
        "source_relation_id": "19260504",
        "district_id": 1,
        "district_name": "Quận 1",
        "longitude": 106.704315,
        "latitude": 10.7915198,
        "street_count": 3,
        "highway": null,
        "ref": null
      },
      "geometry": {
        "type": "Point",
        "coordinates": [
          106.704315,
          10.7915198
        ]
      }
    },
    {
      "type": "Feature",
      "id": "q1-intersection-0042",
      "properties": {
        "source_feature_index": 42,
        "source_relation_id": "19260504",
        "district_id": 1,
        "district_name": "Quận 1",
        "longitude": 106.7041807,
        "latitude": 10.7912312,
        "street_count": 1,
        "highway": null,
        "ref": null
      },
      "geometry": {
        "type": "Point",
        "coordinates": [
          106.7041807,
          10.7912312
        ]
      }
    },
    {
      "type": "Feature",
      "id": "q1-intersection-0043",
      "properties": {
        "source_feature_index": 43,
        "source_relation_id": "19260504",
        "district_id": 1,
        "district_name": "Quận 1",
        "longitude": 106.7050526,
        "latitude": 10.7918659,
        "street_count": 3,
        "highway": null,
        "ref": null
      },
      "geometry": {
        "type": "Point",
        "coordinates": [
          106.7050526,
          10.7918659
        ]
      }
    },
    {
      "type": "Feature",
      "id": "q1-intersection-0044",
      "properties": {
        "source_feature_index": 44,
        "source_relation_id": "19260504",
        "district_id": 1,
        "district_name": "Quận 1",
        "longitude": 106.7010996,
        "latitude": 10.7900597,
        "street_count": 3,
        "highway": null,
        "ref": null
      },
      "geometry": {
        "type": "Point",
        "coordinates": [
          106.7010996,
          10.7900597
        ]
      }
    },
    {
      "type": "Feature",
      "id": "q1-intersection-0045",
      "properties": {
        "source_feature_index": 45,
        "source_relation_id": "19260504",
        "district_id": 1,
        "district_name": "Quận 1",
        "longitude": 106.7001939,
        "latitude": 10.7891062,
        "street_count": 3,
        "highway": null,
        "ref": null
      },
      "geometry": {
        "type": "Point",
        "coordinates": [
          106.7001939,
          10.7891062
        ]
      }
    },
    {
      "type": "Feature",
      "id": "q1-intersection-0046",
      "properties": {
        "source_feature_index": 46,
        "source_relation_id": "19260504",
        "district_id": 1,
        "district_name": "Quận 1",
        "longitude": 106.7047964,
        "latitude": 10.7781081,
        "street_count": 4,
        "highway": null,
        "ref": null
      },
      "geometry": {
        "type": "Point",
        "coordinates": [
          106.7047964,
          10.7781081
        ]
      }
    },
    {
      "type": "Feature",
      "id": "q1-intersection-0047",
      "properties": {
        "source_feature_index": 47,
        "source_relation_id": "19260504",
        "district_id": 1,
        "district_name": "Quận 1",
        "longitude": 106.6978569,
        "latitude": 10.784656,
        "street_count": 4,
        "highway": null,
        "ref": null
      },
      "geometry": {
        "type": "Point",
        "coordinates": [
          106.6978569,
          10.784656
        ]
      }
    },
    {
      "type": "Feature",
      "id": "q1-intersection-0048",
      "properties": {
        "source_feature_index": 48,
        "source_relation_id": "19260504",
        "district_id": 1,
        "district_name": "Quận 1",
        "longitude": 106.6986683,
        "latitude": 10.7855174,
        "street_count": 3,
        "highway": null,
        "ref": null
      },
      "geometry": {
        "type": "Point",
        "coordinates": [
          106.6986683,
          10.7855174
        ]
      }
    },
    {
      "type": "Feature",
      "id": "q1-intersection-0049",
      "properties": {
        "source_feature_index": 49,
        "source_relation_id": "19260504",
        "district_id": 1,
        "district_name": "Quận 1",
        "longitude": 106.7056516,
        "latitude": 10.7736801,
        "street_count": 4,
        "highway": null,
        "ref": null
      },
      "geometry": {
        "type": "Point",
        "coordinates": [
          106.7056516,
          10.7736801
        ]
      }
    },
    {
      "type": "Feature",
      "id": "q1-intersection-0050",
      "properties": {
        "source_feature_index": 50,
        "source_relation_id": "19260504",
        "district_id": 1,
        "district_name": "Quận 1",
        "longitude": 106.7045538,
        "latitude": 10.7783352,
        "street_count": 4,
        "highway": null,
        "ref": null
      },
      "geometry": {
        "type": "Point",
        "coordinates": [
          106.7045538,
          10.7783352
        ]
      }
    },
    {
      "type": "Feature",
      "id": "q1-intersection-0051",
      "properties": {
        "source_feature_index": 51,
        "source_relation_id": "19260504",
        "district_id": 1,
        "district_name": "Quận 1",
        "longitude": 106.7050579,
        "latitude": 10.7788759,
        "street_count": 3,
        "highway": null,
        "ref": null
      },
      "geometry": {
        "type": "Point",
        "coordinates": [
          106.7050579,
          10.7788759
        ]
      }
    },
    {
      "type": "Feature",
      "id": "q1-intersection-0052",
      "properties": {
        "source_feature_index": 52,
        "source_relation_id": "19260504",
        "district_id": 1,
        "district_name": "Quận 1",
        "longitude": 106.7045966,
        "latitude": 10.7818313,
        "street_count": 4,
        "highway": null,
        "ref": null
      },
      "geometry": {
        "type": "Point",
        "coordinates": [
          106.7045966,
          10.7818313
        ]
      }
    },
    {
      "type": "Feature",
      "id": "q1-intersection-0053",
      "properties": {
        "source_feature_index": 53,
        "source_relation_id": "19260504",
        "district_id": 1,
        "district_name": "Quận 1",
        "longitude": 106.7050041,
        "latitude": 10.7872537,
        "street_count": 3,
        "highway": null,
        "ref": null
      },
      "geometry": {
        "type": "Point",
        "coordinates": [
          106.7050041,
          10.7872537
        ]
      }
    },
    {
      "type": "Feature",
      "id": "q1-intersection-0054",
      "properties": {
        "source_feature_index": 54,
        "source_relation_id": "19260504",
        "district_id": 1,
        "district_name": "Quận 1",
        "longitude": 106.7017473,
        "latitude": 10.7826605,
        "street_count": 3,
        "highway": null,
        "ref": null
      },
      "geometry": {
        "type": "Point",
        "coordinates": [
          106.7017473,
          10.7826605
        ]
      }
    },
    {
      "type": "Feature",
      "id": "q1-intersection-0055",
      "properties": {
        "source_feature_index": 55,
        "source_relation_id": "19260504",
        "district_id": 1,
        "district_name": "Quận 1",
        "longitude": 106.7053602,
        "latitude": 10.7813583,
        "street_count": 3,
        "highway": null,
        "ref": null
      },
      "geometry": {
        "type": "Point",
        "coordinates": [
          106.7053602,
          10.7813583
        ]
      }
    },
    {
      "type": "Feature",
      "id": "q1-intersection-0056",
      "properties": {
        "source_feature_index": 56,
        "source_relation_id": "19260504",
        "district_id": 1,
        "district_name": "Quận 1",
        "longitude": 106.7061554,
        "latitude": 10.7779066,
        "street_count": 1,
        "highway": null,
        "ref": null
      },
      "geometry": {
        "type": "Point",
        "coordinates": [
          106.7061554,
          10.7779066
        ]
      }
    },
    {
      "type": "Feature",
      "id": "q1-intersection-0057",
      "properties": {
        "source_feature_index": 57,
        "source_relation_id": "19260504",
        "district_id": 1,
        "district_name": "Quận 1",
        "longitude": 106.7055219,
        "latitude": 10.7761461,
        "street_count": 3,
        "highway": null,
        "ref": null
      },
      "geometry": {
        "type": "Point",
        "coordinates": [
          106.7055219,
          10.7761461
        ]
      }
    },
    {
      "type": "Feature",
      "id": "q1-intersection-0058",
      "properties": {
        "source_feature_index": 58,
        "source_relation_id": "19260504",
        "district_id": 1,
        "district_name": "Quận 1",
        "longitude": 106.7015127,
        "latitude": 10.7904945,
        "street_count": 4,
        "highway": null,
        "ref": null
      },
      "geometry": {
        "type": "Point",
        "coordinates": [
          106.7015127,
          10.7904945
        ]
      }
    },
    {
      "type": "Feature",
      "id": "q1-intersection-0059",
      "properties": {
        "source_feature_index": 59,
        "source_relation_id": "19260504",
        "district_id": 1,
        "district_name": "Quận 1",
        "longitude": 106.7035437,
        "latitude": 10.7886056,
        "street_count": 4,
        "highway": "traffic_signals",
        "ref": null
      },
      "geometry": {
        "type": "Point",
        "coordinates": [
          106.7035437,
          10.7886056
        ]
      }
    },
    {
      "type": "Feature",
      "id": "q1-intersection-0060",
      "properties": {
        "source_feature_index": 60,
        "source_relation_id": "19260504",
        "district_id": 1,
        "district_name": "Quận 1",
        "longitude": 106.6996774,
        "latitude": 10.78457,
        "street_count": 4,
        "highway": "traffic_signals",
        "ref": null
      },
      "geometry": {
        "type": "Point",
        "coordinates": [
          106.6996774,
          10.78457
        ]
      }
    },
    {
      "type": "Feature",
      "id": "q1-intersection-0061",
      "properties": {
        "source_feature_index": 61,
        "source_relation_id": "19260504",
        "district_id": 1,
        "district_name": "Quận 1",
        "longitude": 106.7048401,
        "latitude": 10.775427,
        "street_count": 3,
        "highway": null,
        "ref": null
      },
      "geometry": {
        "type": "Point",
        "coordinates": [
          106.7048401,
          10.775427
        ]
      }
    },
    {
      "type": "Feature",
      "id": "q1-intersection-0062",
      "properties": {
        "source_feature_index": 62,
        "source_relation_id": "19260504",
        "district_id": 1,
        "district_name": "Quận 1",
        "longitude": 106.7004492,
        "latitude": 10.7823516,
        "street_count": 4,
        "highway": null,
        "ref": null
      },
      "geometry": {
        "type": "Point",
        "coordinates": [
          106.7004492,
          10.7823516
        ]
      }
    },
    {
      "type": "Feature",
      "id": "q1-intersection-0063",
      "properties": {
        "source_feature_index": 63,
        "source_relation_id": "19260504",
        "district_id": 1,
        "district_name": "Quận 1",
        "longitude": 106.7055963,
        "latitude": 10.7816326,
        "street_count": 3,
        "highway": null,
        "ref": null
      },
      "geometry": {
        "type": "Point",
        "coordinates": [
          106.7055963,
          10.7816326
        ]
      }
    },
    {
      "type": "Feature",
      "id": "q1-intersection-0064",
      "properties": {
        "source_feature_index": 64,
        "source_relation_id": "19260504",
        "district_id": 1,
        "district_name": "Quận 1",
        "longitude": 106.7064292,
        "latitude": 10.7810366,
        "street_count": 2,
        "highway": null,
        "ref": null
      },
      "geometry": {
        "type": "Point",
        "coordinates": [
          106.7064292,
          10.7810366
        ]
      }
    },
    {
      "type": "Feature",
      "id": "q1-intersection-0065",
      "properties": {
        "source_feature_index": 65,
        "source_relation_id": "19260504",
        "district_id": 1,
        "district_name": "Quận 1",
        "longitude": 106.7069926,
        "latitude": 10.7805129,
        "street_count": 4,
        "highway": null,
        "ref": null
      },
      "geometry": {
        "type": "Point",
        "coordinates": [
          106.7069926,
          10.7805129
        ]
      }
    },
    {
      "type": "Feature",
      "id": "q1-intersection-0066",
      "properties": {
        "source_feature_index": 66,
        "source_relation_id": "19260504",
        "district_id": 1,
        "district_name": "Quận 1",
        "longitude": 106.7031739,
        "latitude": 10.7732753,
        "street_count": 4,
        "highway": null,
        "ref": null
      },
      "geometry": {
        "type": "Point",
        "coordinates": [
          106.7031739,
          10.7732753
        ]
      }
    },
    {
      "type": "Feature",
      "id": "q1-intersection-0067",
      "properties": {
        "source_feature_index": 67,
        "source_relation_id": "19260504",
        "district_id": 1,
        "district_name": "Quận 1",
        "longitude": 106.7018045,
        "latitude": 10.7772405,
        "street_count": 4,
        "highway": "traffic_signals",
        "ref": null
      },
      "geometry": {
        "type": "Point",
        "coordinates": [
          106.7018045,
          10.7772405
        ]
      }
    },
    {
      "type": "Feature",
      "id": "q1-intersection-0068",
      "properties": {
        "source_feature_index": 68,
        "source_relation_id": "19260504",
        "district_id": 1,
        "district_name": "Quận 1",
        "longitude": 106.7036705,
        "latitude": 10.773838,
        "street_count": 3,
        "highway": null,
        "ref": null
      },
      "geometry": {
        "type": "Point",
        "coordinates": [
          106.7036705,
          10.773838
        ]
      }
    },
    {
      "type": "Feature",
      "id": "q1-intersection-0069",
      "properties": {
        "source_feature_index": 69,
        "source_relation_id": "19260504",
        "district_id": 1,
        "district_name": "Quận 1",
        "longitude": 106.7040685,
        "latitude": 10.7823083,
        "street_count": 3,
        "highway": null,
        "ref": null
      },
      "geometry": {
        "type": "Point",
        "coordinates": [
          106.7040685,
          10.7823083
        ]
      }
    },
    {
      "type": "Feature",
      "id": "q1-intersection-0070",
      "properties": {
        "source_feature_index": 70,
        "source_relation_id": "19260504",
        "district_id": 1,
        "district_name": "Quận 1",
        "longitude": 106.702606,
        "latitude": 10.7728438,
        "street_count": 4,
        "highway": null,
        "ref": null
      },
      "geometry": {
        "type": "Point",
        "coordinates": [
          106.702606,
          10.7728438
        ]
      }
    },
    {
      "type": "Feature",
      "id": "q1-intersection-0071",
      "properties": {
        "source_feature_index": 71,
        "source_relation_id": "19260504",
        "district_id": 1,
        "district_name": "Quận 1",
        "longitude": 106.7018947,
        "latitude": 10.7723028,
        "street_count": 4,
        "highway": null,
        "ref": null
      },
      "geometry": {
        "type": "Point",
        "coordinates": [
          106.7018947,
          10.7723028
        ]
      }
    },
    {
      "type": "Feature",
      "id": "q1-intersection-0072",
      "properties": {
        "source_feature_index": 72,
        "source_relation_id": "19260504",
        "district_id": 1,
        "district_name": "Quận 1",
        "longitude": 106.7001527,
        "latitude": 10.7791894,
        "street_count": 3,
        "highway": null,
        "ref": null
      },
      "geometry": {
        "type": "Point",
        "coordinates": [
          106.7001527,
          10.7791894
        ]
      }
    },
    {
      "type": "Feature",
      "id": "q1-intersection-0073",
      "properties": {
        "source_feature_index": 73,
        "source_relation_id": "19260504",
        "district_id": 1,
        "district_name": "Quận 1",
        "longitude": 106.7041995,
        "latitude": 10.7690648,
        "street_count": 3,
        "highway": null,
        "ref": null
      },
      "geometry": {
        "type": "Point",
        "coordinates": [
          106.7041995,
          10.7690648
        ]
      }
    },
    {
      "type": "Feature",
      "id": "q1-intersection-0074",
      "properties": {
        "source_feature_index": 74,
        "source_relation_id": "19260504",
        "district_id": 1,
        "district_name": "Quận 1",
        "longitude": 106.7030192,
        "latitude": 10.7696265,
        "street_count": 4,
        "highway": null,
        "ref": null
      },
      "geometry": {
        "type": "Point",
        "coordinates": [
          106.7030192,
          10.7696265
        ]
      }
    },
    {
      "type": "Feature",
      "id": "q1-intersection-0075",
      "properties": {
        "source_feature_index": 75,
        "source_relation_id": "19260504",
        "district_id": 1,
        "district_name": "Quận 1",
        "longitude": 106.7038154,
        "latitude": 10.7699703,
        "street_count": 4,
        "highway": null,
        "ref": null
      },
      "geometry": {
        "type": "Point",
        "coordinates": [
          106.7038154,
          10.7699703
        ]
      }
    },
    {
      "type": "Feature",
      "id": "q1-intersection-0076",
      "properties": {
        "source_feature_index": 76,
        "source_relation_id": "19260504",
        "district_id": 1,
        "district_name": "Quận 1",
        "longitude": 106.7041193,
        "latitude": 10.7773934,
        "street_count": 4,
        "highway": "traffic_signals",
        "ref": null
      },
      "geometry": {
        "type": "Point",
        "coordinates": [
          106.7041193,
          10.7773934
        ]
      }
    },
    {
      "type": "Feature",
      "id": "q1-intersection-0077",
      "properties": {
        "source_feature_index": 77,
        "source_relation_id": "19260504",
        "district_id": 1,
        "district_name": "Quận 1",
        "longitude": 106.7010349,
        "latitude": 10.7779522,
        "street_count": 4,
        "highway": "traffic_signals",
        "ref": null
      },
      "geometry": {
        "type": "Point",
        "coordinates": [
          106.7010349,
          10.7779522
        ]
      }
    },
    {
      "type": "Feature",
      "id": "q1-intersection-0078",
      "properties": {
        "source_feature_index": 78,
        "source_relation_id": "19260504",
        "district_id": 1,
        "district_name": "Quận 1",
        "longitude": 106.7050971,
        "latitude": 10.7765349,
        "street_count": 4,
        "highway": "traffic_signals",
        "ref": null
      },
      "geometry": {
        "type": "Point",
        "coordinates": [
          106.7050971,
          10.7765349
        ]
      }
    },
    {
      "type": "Feature",
      "id": "q1-intersection-0079",
      "properties": {
        "source_feature_index": 79,
        "source_relation_id": "19260504",
        "district_id": 1,
        "district_name": "Quận 1",
        "longitude": 106.7039118,
        "latitude": 10.7718636,
        "street_count": 3,
        "highway": null,
        "ref": null
      },
      "geometry": {
        "type": "Point",
        "coordinates": [
          106.7039118,
          10.7718636
        ]
      }
    },
    {
      "type": "Feature",
      "id": "q1-intersection-0080",
      "properties": {
        "source_feature_index": 80,
        "source_relation_id": "19260504",
        "district_id": 1,
        "district_name": "Quận 1",
        "longitude": 106.7014575,
        "latitude": 10.7732605,
        "street_count": 3,
        "highway": "crossing",
        "ref": null
      },
      "geometry": {
        "type": "Point",
        "coordinates": [
          106.7014575,
          10.7732605
        ]
      }
    },
    {
      "type": "Feature",
      "id": "q1-intersection-0081",
      "properties": {
        "source_feature_index": 81,
        "source_relation_id": "19260504",
        "district_id": 1,
        "district_name": "Quận 1",
        "longitude": 106.7035889,
        "latitude": 10.7792329,
        "street_count": 3,
        "highway": null,
        "ref": null
      },
      "geometry": {
        "type": "Point",
        "coordinates": [
          106.7035889,
          10.7792329
        ]
      }
    },
    {
      "type": "Feature",
      "id": "q1-intersection-0082",
      "properties": {
        "source_feature_index": 82,
        "source_relation_id": "19260504",
        "district_id": 1,
        "district_name": "Quận 1",
        "longitude": 106.6968504,
        "latitude": 10.7855867,
        "street_count": 4,
        "highway": null,
        "ref": null
      },
      "geometry": {
        "type": "Point",
        "coordinates": [
          106.6968504,
          10.7855867
        ]
      }
    },
    {
      "type": "Feature",
      "id": "q1-intersection-0083",
      "properties": {
        "source_feature_index": 83,
        "source_relation_id": "19260504",
        "district_id": 1,
        "district_name": "Quận 1",
        "longitude": 106.6996356,
        "latitude": 10.7814762,
        "street_count": 4,
        "highway": null,
        "ref": null
      },
      "geometry": {
        "type": "Point",
        "coordinates": [
          106.6996356,
          10.7814762
        ]
      }
    },
    {
      "type": "Feature",
      "id": "q1-intersection-0084",
      "properties": {
        "source_feature_index": 84,
        "source_relation_id": "19260504",
        "district_id": 1,
        "district_name": "Quận 1",
        "longitude": 106.7023364,
        "latitude": 10.7734873,
        "street_count": 3,
        "highway": null,
        "ref": null
      },
      "geometry": {
        "type": "Point",
        "coordinates": [
          106.7023364,
          10.7734873
        ]
      }
    },
    {
      "type": "Feature",
      "id": "q1-intersection-0085",
      "properties": {
        "source_feature_index": 85,
        "source_relation_id": "19260504",
        "district_id": 1,
        "district_name": "Quận 1",
        "longitude": 106.702175,
        "latitude": 10.7791968,
        "street_count": 4,
        "highway": "traffic_signals",
        "ref": null
      },
      "geometry": {
        "type": "Point",
        "coordinates": [
          106.702175,
          10.7791968
        ]
      }
    },
    {
      "type": "Feature",
      "id": "q1-intersection-0086",
      "properties": {
        "source_feature_index": 86,
        "source_relation_id": "19260504",
        "district_id": 1,
        "district_name": "Quận 1",
        "longitude": 106.7040024,
        "latitude": 10.7797806,
        "street_count": 4,
        "highway": null,
        "ref": null
      },
      "geometry": {
        "type": "Point",
        "coordinates": [
          106.7040024,
          10.7797806
        ]
      }
    },
    {
      "type": "Feature",
      "id": "q1-intersection-0087",
      "properties": {
        "source_feature_index": 87,
        "source_relation_id": "19260504",
        "district_id": 1,
        "district_name": "Quận 1",
        "longitude": 106.7007533,
        "latitude": 10.7896952,
        "street_count": 3,
        "highway": null,
        "ref": null
      },
      "geometry": {
        "type": "Point",
        "coordinates": [
          106.7007533,
          10.7896952
        ]
      }
    },
    {
      "type": "Feature",
      "id": "q1-intersection-0088",
      "properties": {
        "source_feature_index": 88,
        "source_relation_id": "19260504",
        "district_id": 1,
        "district_name": "Quận 1",
        "longitude": 106.7028018,
        "latitude": 10.7736167,
        "street_count": 3,
        "highway": null,
        "ref": null
      },
      "geometry": {
        "type": "Point",
        "coordinates": [
          106.7028018,
          10.7736167
        ]
      }
    },
    {
      "type": "Feature",
      "id": "q1-intersection-0089",
      "properties": {
        "source_feature_index": 89,
        "source_relation_id": "19260504",
        "district_id": 1,
        "district_name": "Quận 1",
        "longitude": 106.7010602,
        "latitude": 10.7801873,
        "street_count": 4,
        "highway": "traffic_signals",
        "ref": null
      },
      "geometry": {
        "type": "Point",
        "coordinates": [
          106.7010602,
          10.7801873
        ]
      }
    },
    {
      "type": "Feature",
      "id": "q1-intersection-0090",
      "properties": {
        "source_feature_index": 90,
        "source_relation_id": "19260504",
        "district_id": 1,
        "district_name": "Quận 1",
        "longitude": 106.7029239,
        "latitude": 10.778525,
        "street_count": 4,
        "highway": null,
        "ref": null
      },
      "geometry": {
        "type": "Point",
        "coordinates": [
          106.7029239,
          10.778525
        ]
      }
    },
    {
      "type": "Feature",
      "id": "q1-intersection-0091",
      "properties": {
        "source_feature_index": 91,
        "source_relation_id": "19260504",
        "district_id": 1,
        "district_name": "Quận 1",
        "longitude": 106.7038862,
        "latitude": 10.7776192,
        "street_count": 4,
        "highway": "traffic_signals",
        "ref": null
      },
      "geometry": {
        "type": "Point",
        "coordinates": [
          106.7038862,
          10.7776192
        ]
      }
    },
    {
      "type": "Feature",
      "id": "q1-intersection-0092",
      "properties": {
        "source_feature_index": 92,
        "source_relation_id": "19260504",
        "district_id": 1,
        "district_name": "Quận 1",
        "longitude": 106.7063184,
        "latitude": 10.7707757,
        "street_count": 3,
        "highway": null,
        "ref": null
      },
      "geometry": {
        "type": "Point",
        "coordinates": [
          106.7063184,
          10.7707757
        ]
      }
    },
    {
      "type": "Feature",
      "id": "q1-intersection-0093",
      "properties": {
        "source_feature_index": 93,
        "source_relation_id": "19260504",
        "district_id": 1,
        "district_name": "Quận 1",
        "longitude": 106.7051609,
        "latitude": 10.7694232,
        "street_count": 4,
        "highway": null,
        "ref": null
      },
      "geometry": {
        "type": "Point",
        "coordinates": [
          106.7051609,
          10.7694232
        ]
      }
    },
    {
      "type": "Feature",
      "id": "q1-intersection-0094",
      "properties": {
        "source_feature_index": 94,
        "source_relation_id": "19260504",
        "district_id": 1,
        "district_name": "Quận 1",
        "longitude": 106.704685,
        "latitude": 10.7703529,
        "street_count": 3,
        "highway": null,
        "ref": null
      },
      "geometry": {
        "type": "Point",
        "coordinates": [
          106.704685,
          10.7703529
        ]
      }
    },
    {
      "type": "Feature",
      "id": "q1-intersection-0095",
      "properties": {
        "source_feature_index": 95,
        "source_relation_id": "19260504",
        "district_id": 1,
        "district_name": "Quận 1",
        "longitude": 106.7031197,
        "latitude": 10.7760291,
        "street_count": 3,
        "highway": null,
        "ref": null
      },
      "geometry": {
        "type": "Point",
        "coordinates": [
          106.7031197,
          10.7760291
        ]
      }
    },
    {
      "type": "Feature",
      "id": "q1-intersection-0096",
      "properties": {
        "source_feature_index": 96,
        "source_relation_id": "19260504",
        "district_id": 1,
        "district_name": "Quận 1",
        "longitude": 106.7027286,
        "latitude": 10.7763893,
        "street_count": 3,
        "highway": "traffic_signals",
        "ref": null
      },
      "geometry": {
        "type": "Point",
        "coordinates": [
          106.7027286,
          10.7763893
        ]
      }
    },
    {
      "type": "Feature",
      "id": "q1-intersection-0097",
      "properties": {
        "source_feature_index": 97,
        "source_relation_id": "19260504",
        "district_id": 1,
        "district_name": "Quận 1",
        "longitude": 106.7012198,
        "latitude": 10.7765708,
        "street_count": 3,
        "highway": null,
        "ref": null
      },
      "geometry": {
        "type": "Point",
        "coordinates": [
          106.7012198,
          10.7765708
        ]
      }
    },
    {
      "type": "Feature",
      "id": "q1-intersection-0098",
      "properties": {
        "source_feature_index": 98,
        "source_relation_id": "19260504",
        "district_id": 1,
        "district_name": "Quận 1",
        "longitude": 106.7029698,
        "latitude": 10.7761671,
        "street_count": 3,
        "highway": "traffic_signals",
        "ref": null
      },
      "geometry": {
        "type": "Point",
        "coordinates": [
          106.7029698,
          10.7761671
        ]
      }
    },
    {
      "type": "Feature",
      "id": "q1-intersection-0099",
      "properties": {
        "source_feature_index": 99,
        "source_relation_id": "19260504",
        "district_id": 1,
        "district_name": "Quận 1",
        "longitude": 106.697816,
        "latitude": 10.7809287,
        "street_count": 3,
        "highway": null,
        "ref": null
      },
      "geometry": {
        "type": "Point",
        "coordinates": [
          106.697816,
          10.7809287
        ]
      }
    },
    {
      "type": "Feature",
      "id": "q1-intersection-0100",
      "properties": {
        "source_feature_index": 100,
        "source_relation_id": "19260504",
        "district_id": 1,
        "district_name": "Quận 1",
        "longitude": 106.6979302,
        "latitude": 10.7808244,
        "street_count": 3,
        "highway": null,
        "ref": null
      },
      "geometry": {
        "type": "Point",
        "coordinates": [
          106.6979302,
          10.7808244
        ]
      }
    },
    {
      "type": "Feature",
      "id": "q1-intersection-0101",
      "properties": {
        "source_feature_index": 101,
        "source_relation_id": "19260504",
        "district_id": 1,
        "district_name": "Quận 1",
        "longitude": 106.7016177,
        "latitude": 10.7865968,
        "street_count": 5,
        "highway": null,
        "ref": null
      },
      "geometry": {
        "type": "Point",
        "coordinates": [
          106.7016177,
          10.7865968
        ]
      }
    },
    {
      "type": "Feature",
      "id": "q1-intersection-0102",
      "properties": {
        "source_feature_index": 102,
        "source_relation_id": "19260504",
        "district_id": 1,
        "district_name": "Quận 1",
        "longitude": 106.7022445,
        "latitude": 10.7872347,
        "street_count": 3,
        "highway": null,
        "ref": null
      },
      "geometry": {
        "type": "Point",
        "coordinates": [
          106.7022445,
          10.7872347
        ]
      }
    },
    {
      "type": "Feature",
      "id": "q1-intersection-0103",
      "properties": {
        "source_feature_index": 103,
        "source_relation_id": "19260504",
        "district_id": 1,
        "district_name": "Quận 1",
        "longitude": 106.7025996,
        "latitude": 10.7876142,
        "street_count": 3,
        "highway": null,
        "ref": null
      },
      "geometry": {
        "type": "Point",
        "coordinates": [
          106.7025996,
          10.7876142
        ]
      }
    },
    {
      "type": "Feature",
      "id": "q1-intersection-0104",
      "properties": {
        "source_feature_index": 104,
        "source_relation_id": "19260504",
        "district_id": 1,
        "district_name": "Quận 1",
        "longitude": 106.7025647,
        "latitude": 10.7765403,
        "street_count": 3,
        "highway": null,
        "ref": null
      },
      "geometry": {
        "type": "Point",
        "coordinates": [
          106.7025647,
          10.7765403
        ]
      }
    },
    {
      "type": "Feature",
      "id": "q1-intersection-0105",
      "properties": {
        "source_feature_index": 105,
        "source_relation_id": "19260504",
        "district_id": 1,
        "district_name": "Quận 1",
        "longitude": 106.7034182,
        "latitude": 10.7709258,
        "street_count": 4,
        "highway": null,
        "ref": null
      },
      "geometry": {
        "type": "Point",
        "coordinates": [
          106.7034182,
          10.7709258
        ]
      }
    },
    {
      "type": "Feature",
      "id": "q1-intersection-0106",
      "properties": {
        "source_feature_index": 106,
        "source_relation_id": "19260504",
        "district_id": 1,
        "district_name": "Quận 1",
        "longitude": 106.7024697,
        "latitude": 10.7709739,
        "street_count": 4,
        "highway": null,
        "ref": null
      },
      "geometry": {
        "type": "Point",
        "coordinates": [
          106.7024697,
          10.7709739
        ]
      }
    },
    {
      "type": "Feature",
      "id": "q1-intersection-0107",
      "properties": {
        "source_feature_index": 107,
        "source_relation_id": "19260504",
        "district_id": 1,
        "district_name": "Quận 1",
        "longitude": 106.7025205,
        "latitude": 10.7708498,
        "street_count": 4,
        "highway": null,
        "ref": null
      },
      "geometry": {
        "type": "Point",
        "coordinates": [
          106.7025205,
          10.7708498
        ]
      }
    },
    {
      "type": "Feature",
      "id": "q1-intersection-0108",
      "properties": {
        "source_feature_index": 108,
        "source_relation_id": "19260504",
        "district_id": 1,
        "district_name": "Quận 1",
        "longitude": 106.7034753,
        "latitude": 10.7707997,
        "street_count": 3,
        "highway": null,
        "ref": null
      },
      "geometry": {
        "type": "Point",
        "coordinates": [
          106.7034753,
          10.7707997
        ]
      }
    },
    {
      "type": "Feature",
      "id": "q1-intersection-0109",
      "properties": {
        "source_feature_index": 109,
        "source_relation_id": "19260504",
        "district_id": 1,
        "district_name": "Quận 1",
        "longitude": 106.7033318,
        "latitude": 10.7741513,
        "street_count": 3,
        "highway": null,
        "ref": null
      },
      "geometry": {
        "type": "Point",
        "coordinates": [
          106.7033318,
          10.7741513
        ]
      }
    },
    {
      "type": "Feature",
      "id": "q1-intersection-0110",
      "properties": {
        "source_feature_index": 110,
        "source_relation_id": "19260504",
        "district_id": 1,
        "district_name": "Quận 1",
        "longitude": 106.7037193,
        "latitude": 10.774251,
        "street_count": 3,
        "highway": null,
        "ref": null
      },
      "geometry": {
        "type": "Point",
        "coordinates": [
          106.7037193,
          10.774251
        ]
      }
    },
    {
      "type": "Feature",
      "id": "q1-intersection-0111",
      "properties": {
        "source_feature_index": 111,
        "source_relation_id": "19260504",
        "district_id": 1,
        "district_name": "Quận 1",
        "longitude": 106.704232,
        "latitude": 10.7709832,
        "street_count": 3,
        "highway": null,
        "ref": null
      },
      "geometry": {
        "type": "Point",
        "coordinates": [
          106.704232,
          10.7709832
        ]
      }
    },
    {
      "type": "Feature",
      "id": "q1-intersection-0112",
      "properties": {
        "source_feature_index": 112,
        "source_relation_id": "19260504",
        "district_id": 1,
        "district_name": "Quận 1",
        "longitude": 106.7037384,
        "latitude": 10.7688842,
        "street_count": 3,
        "highway": null,
        "ref": null
      },
      "geometry": {
        "type": "Point",
        "coordinates": [
          106.7037384,
          10.7688842
        ]
      }
    },
    {
      "type": "Feature",
      "id": "q1-intersection-0113",
      "properties": {
        "source_feature_index": 113,
        "source_relation_id": "19260504",
        "district_id": 1,
        "district_name": "Quận 1",
        "longitude": 106.7065554,
        "latitude": 10.7758045,
        "street_count": 3,
        "highway": null,
        "ref": null
      },
      "geometry": {
        "type": "Point",
        "coordinates": [
          106.7065554,
          10.7758045
        ]
      }
    },
    {
      "type": "Feature",
      "id": "q1-intersection-0114",
      "properties": {
        "source_feature_index": 114,
        "source_relation_id": "19260504",
        "district_id": 1,
        "district_name": "Quận 1",
        "longitude": 106.7036877,
        "latitude": 10.7847301,
        "street_count": 3,
        "highway": null,
        "ref": null
      },
      "geometry": {
        "type": "Point",
        "coordinates": [
          106.7036877,
          10.7847301
        ]
      }
    },
    {
      "type": "Feature",
      "id": "q1-intersection-0115",
      "properties": {
        "source_feature_index": 115,
        "source_relation_id": "19260504",
        "district_id": 1,
        "district_name": "Quận 1",
        "longitude": 106.706182,
        "latitude": 10.7747161,
        "street_count": 4,
        "highway": null,
        "ref": null
      },
      "geometry": {
        "type": "Point",
        "coordinates": [
          106.706182,
          10.7747161
        ]
      }
    },
    {
      "type": "Feature",
      "id": "q1-intersection-0116",
      "properties": {
        "source_feature_index": 116,
        "source_relation_id": "19260504",
        "district_id": 1,
        "district_name": "Quận 1",
        "longitude": 106.7051249,
        "latitude": 10.7835028,
        "street_count": 3,
        "highway": null,
        "ref": null
      },
      "geometry": {
        "type": "Point",
        "coordinates": [
          106.7051249,
          10.7835028
        ]
      }
    },
    {
      "type": "Feature",
      "id": "q1-intersection-0117",
      "properties": {
        "source_feature_index": 117,
        "source_relation_id": "19260504",
        "district_id": 1,
        "district_name": "Quận 1",
        "longitude": 106.708632,
        "latitude": 10.7857612,
        "street_count": 3,
        "highway": null,
        "ref": null
      },
      "geometry": {
        "type": "Point",
        "coordinates": [
          106.708632,
          10.7857612
        ]
      }
    },
    {
      "type": "Feature",
      "id": "q1-intersection-0118",
      "properties": {
        "source_feature_index": 118,
        "source_relation_id": "19260504",
        "district_id": 1,
        "district_name": "Quận 1",
        "longitude": 106.7064454,
        "latitude": 10.7747778,
        "street_count": 3,
        "highway": null,
        "ref": null
      },
      "geometry": {
        "type": "Point",
        "coordinates": [
          106.7064454,
          10.7747778
        ]
      }
    },
    {
      "type": "Feature",
      "id": "q1-intersection-0119",
      "properties": {
        "source_feature_index": 119,
        "source_relation_id": "19260504",
        "district_id": 1,
        "district_name": "Quận 1",
        "longitude": 106.7035969,
        "latitude": 10.7846363,
        "street_count": 4,
        "highway": null,
        "ref": null
      },
      "geometry": {
        "type": "Point",
        "coordinates": [
          106.7035969,
          10.7846363
        ]
      }
    },
    {
      "type": "Feature",
      "id": "q1-intersection-0120",
      "properties": {
        "source_feature_index": 120,
        "source_relation_id": "19260504",
        "district_id": 1,
        "district_name": "Quận 1",
        "longitude": 106.7049734,
        "latitude": 10.7832972,
        "street_count": 3,
        "highway": null,
        "ref": null
      },
      "geometry": {
        "type": "Point",
        "coordinates": [
          106.7049734,
          10.7832972
        ]
      }
    },
    {
      "type": "Feature",
      "id": "q1-intersection-0121",
      "properties": {
        "source_feature_index": 121,
        "source_relation_id": "19260504",
        "district_id": 1,
        "district_name": "Quận 1",
        "longitude": 106.7063094,
        "latitude": 10.7718595,
        "street_count": 3,
        "highway": null,
        "ref": null
      },
      "geometry": {
        "type": "Point",
        "coordinates": [
          106.7063094,
          10.7718595
        ]
      }
    },
    {
      "type": "Feature",
      "id": "q1-intersection-0122",
      "properties": {
        "source_feature_index": 122,
        "source_relation_id": "19260504",
        "district_id": 1,
        "district_name": "Quận 1",
        "longitude": 106.7064008,
        "latitude": 10.7729853,
        "street_count": 3,
        "highway": null,
        "ref": null
      },
      "geometry": {
        "type": "Point",
        "coordinates": [
          106.7064008,
          10.7729853
        ]
      }
    },
    {
      "type": "Feature",
      "id": "q1-intersection-0123",
      "properties": {
        "source_feature_index": 123,
        "source_relation_id": "19260504",
        "district_id": 1,
        "district_name": "Quận 1",
        "longitude": 106.7055038,
        "latitude": 10.7828182,
        "street_count": 3,
        "highway": null,
        "ref": null
      },
      "geometry": {
        "type": "Point",
        "coordinates": [
          106.7055038,
          10.7828182
        ]
      }
    },
    {
      "type": "Feature",
      "id": "q1-intersection-0124",
      "properties": {
        "source_feature_index": 124,
        "source_relation_id": "19260504",
        "district_id": 1,
        "district_name": "Quận 1",
        "longitude": 106.7062744,
        "latitude": 10.7759006,
        "street_count": 4,
        "highway": null,
        "ref": null
      },
      "geometry": {
        "type": "Point",
        "coordinates": [
          106.7062744,
          10.7759006
        ]
      }
    },
    {
      "type": "Feature",
      "id": "q1-intersection-0125",
      "properties": {
        "source_feature_index": 125,
        "source_relation_id": "19260504",
        "district_id": 1,
        "district_name": "Quận 1",
        "longitude": 106.7062713,
        "latitude": 10.7714318,
        "street_count": 3,
        "highway": null,
        "ref": null
      },
      "geometry": {
        "type": "Point",
        "coordinates": [
          106.7062713,
          10.7714318
        ]
      }
    },
    {
      "type": "Feature",
      "id": "q1-intersection-0126",
      "properties": {
        "source_feature_index": 126,
        "source_relation_id": "19260504",
        "district_id": 1,
        "district_name": "Quận 1",
        "longitude": 106.7065281,
        "latitude": 10.7746334,
        "street_count": 3,
        "highway": null,
        "ref": null
      },
      "geometry": {
        "type": "Point",
        "coordinates": [
          106.7065281,
          10.7746334
        ]
      }
    },
    {
      "type": "Feature",
      "id": "q1-intersection-0127",
      "properties": {
        "source_feature_index": 127,
        "source_relation_id": "19260504",
        "district_id": 1,
        "district_name": "Quận 1",
        "longitude": 106.7052865,
        "latitude": 10.7821171,
        "street_count": 3,
        "highway": null,
        "ref": null
      },
      "geometry": {
        "type": "Point",
        "coordinates": [
          106.7052865,
          10.7821171
        ]
      }
    },
    {
      "type": "Feature",
      "id": "q1-intersection-0128",
      "properties": {
        "source_feature_index": 128,
        "source_relation_id": "19260504",
        "district_id": 1,
        "district_name": "Quận 1",
        "longitude": 106.7057094,
        "latitude": 10.7817641,
        "street_count": 3,
        "highway": null,
        "ref": null
      },
      "geometry": {
        "type": "Point",
        "coordinates": [
          106.7057094,
          10.7817641
        ]
      }
    },
    {
      "type": "Feature",
      "id": "q1-intersection-0129",
      "properties": {
        "source_feature_index": 129,
        "source_relation_id": "19260504",
        "district_id": 1,
        "district_name": "Quận 1",
        "longitude": 106.7009788,
        "latitude": 10.7762943,
        "street_count": 3,
        "highway": null,
        "ref": null
      },
      "geometry": {
        "type": "Point",
        "coordinates": [
          106.7009788,
          10.7762943
        ]
      }
    },
    {
      "type": "Feature",
      "id": "q1-intersection-0130",
      "properties": {
        "source_feature_index": 130,
        "source_relation_id": "19260504",
        "district_id": 1,
        "district_name": "Quận 1",
        "longitude": 106.7050554,
        "latitude": 10.7818873,
        "street_count": 1,
        "highway": null,
        "ref": null
      },
      "geometry": {
        "type": "Point",
        "coordinates": [
          106.7050554,
          10.7818873
        ]
      }
    },
    {
      "type": "Feature",
      "id": "q1-intersection-0131",
      "properties": {
        "source_feature_index": 131,
        "source_relation_id": "19260504",
        "district_id": 1,
        "district_name": "Quận 1",
        "longitude": 106.7054797,
        "latitude": 10.7823181,
        "street_count": 1,
        "highway": null,
        "ref": null
      },
      "geometry": {
        "type": "Point",
        "coordinates": [
          106.7054797,
          10.7823181
        ]
      }
    },
    {
      "type": "Feature",
      "id": "q1-intersection-0132",
      "properties": {
        "source_feature_index": 132,
        "source_relation_id": "19260504",
        "district_id": 1,
        "district_name": "Quận 1",
        "longitude": 106.6973003,
        "latitude": 10.7851707,
        "street_count": 3,
        "highway": null,
        "ref": null
      },
      "geometry": {
        "type": "Point",
        "coordinates": [
          106.6973003,
          10.7851707
        ]
      }
    },
    {
      "type": "Feature",
      "id": "q1-intersection-0133",
      "properties": {
        "source_feature_index": 133,
        "source_relation_id": "19260504",
        "district_id": 1,
        "district_name": "Quận 1",
        "longitude": 106.6977381,
        "latitude": 10.7856196,
        "street_count": 1,
        "highway": null,
        "ref": null
      },
      "geometry": {
        "type": "Point",
        "coordinates": [
          106.6977381,
          10.7856196
        ]
      }
    },
    {
      "type": "Feature",
      "id": "q1-intersection-0134",
      "properties": {
        "source_feature_index": 134,
        "source_relation_id": "19260504",
        "district_id": 1,
        "district_name": "Quận 1",
        "longitude": 106.7026198,
        "latitude": 10.7889008,
        "street_count": 1,
        "highway": null,
        "ref": null
      },
      "geometry": {
        "type": "Point",
        "coordinates": [
          106.7026198,
          10.7889008
        ]
      }
    },
    {
      "type": "Feature",
      "id": "q1-intersection-0135",
      "properties": {
        "source_feature_index": 135,
        "source_relation_id": "19260504",
        "district_id": 1,
        "district_name": "Quận 1",
        "longitude": 106.7029041,
        "latitude": 10.7892029,
        "street_count": 3,
        "highway": null,
        "ref": null
      },
      "geometry": {
        "type": "Point",
        "coordinates": [
          106.7029041,
          10.7892029
        ]
      }
    },
    {
      "type": "Feature",
      "id": "q1-intersection-0136",
      "properties": {
        "source_feature_index": 136,
        "source_relation_id": "19260504",
        "district_id": 1,
        "district_name": "Quận 1",
        "longitude": 106.7034096,
        "latitude": 10.7686141,
        "street_count": 3,
        "highway": null,
        "ref": null
      },
      "geometry": {
        "type": "Point",
        "coordinates": [
          106.7034096,
          10.7686141
        ]
      }
    },
    {
      "type": "Feature",
      "id": "q1-intersection-0137",
      "properties": {
        "source_feature_index": 137,
        "source_relation_id": "19260504",
        "district_id": 1,
        "district_name": "Quận 1",
        "longitude": 106.7032974,
        "latitude": 10.7687542,
        "street_count": 3,
        "highway": null,
        "ref": null
      },
      "geometry": {
        "type": "Point",
        "coordinates": [
          106.7032974,
          10.7687542
        ]
      }
    },
    {
      "type": "Feature",
      "id": "q1-intersection-0138",
      "properties": {
        "source_feature_index": 138,
        "source_relation_id": "19260504",
        "district_id": 1,
        "district_name": "Quận 1",
        "longitude": 106.7034599,
        "latitude": 10.7686832,
        "street_count": 3,
        "highway": null,
        "ref": null
      },
      "geometry": {
        "type": "Point",
        "coordinates": [
          106.7034599,
          10.7686832
        ]
      }
    },
    {
      "type": "Feature",
      "id": "q1-intersection-0139",
      "properties": {
        "source_feature_index": 139,
        "source_relation_id": "19260504",
        "district_id": 1,
        "district_name": "Quận 1",
        "longitude": 106.7033969,
        "latitude": 10.7687822,
        "street_count": 4,
        "highway": null,
        "ref": null
      },
      "geometry": {
        "type": "Point",
        "coordinates": [
          106.7033969,
          10.7687822
        ]
      }
    },
    {
      "type": "Feature",
      "id": "q1-intersection-0140",
      "properties": {
        "source_feature_index": 140,
        "source_relation_id": "19260504",
        "district_id": 1,
        "district_name": "Quận 1",
        "longitude": 106.7030795,
        "latitude": 10.7882186,
        "street_count": 3,
        "highway": null,
        "ref": null
      },
      "geometry": {
        "type": "Point",
        "coordinates": [
          106.7030795,
          10.7882186
        ]
      }
    },
    {
      "type": "Feature",
      "id": "q1-intersection-0141",
      "properties": {
        "source_feature_index": 141,
        "source_relation_id": "19260504",
        "district_id": 1,
        "district_name": "Quận 1",
        "longitude": 106.7044554,
        "latitude": 10.7896672,
        "street_count": 3,
        "highway": null,
        "ref": null
      },
      "geometry": {
        "type": "Point",
        "coordinates": [
          106.7044554,
          10.7896672
        ]
      }
    },
    {
      "type": "Feature",
      "id": "q1-intersection-0142",
      "properties": {
        "source_feature_index": 142,
        "source_relation_id": "19260504",
        "district_id": 1,
        "district_name": "Quận 1",
        "longitude": 106.7034951,
        "latitude": 10.7886488,
        "street_count": 4,
        "highway": "traffic_signals",
        "ref": null
      },
      "geometry": {
        "type": "Point",
        "coordinates": [
          106.7034951,
          10.7886488
        ]
      }
    },
    {
      "type": "Feature",
      "id": "q1-intersection-0143",
      "properties": {
        "source_feature_index": 143,
        "source_relation_id": "19260504",
        "district_id": 1,
        "district_name": "Quận 1",
        "longitude": 106.7028134,
        "latitude": 10.7879369,
        "street_count": 4,
        "highway": null,
        "ref": null
      },
      "geometry": {
        "type": "Point",
        "coordinates": [
          106.7028134,
          10.7879369
        ]
      }
    },
    {
      "type": "Feature",
      "id": "q1-intersection-0144",
      "properties": {
        "source_feature_index": 144,
        "source_relation_id": "19260504",
        "district_id": 1,
        "district_name": "Quận 1",
        "longitude": 106.6997738,
        "latitude": 10.7787668,
        "street_count": 3,
        "highway": null,
        "ref": null
      },
      "geometry": {
        "type": "Point",
        "coordinates": [
          106.6997738,
          10.7787668
        ]
      }
    },
    {
      "type": "Feature",
      "id": "q1-intersection-0145",
      "properties": {
        "source_feature_index": 145,
        "source_relation_id": "19260504",
        "district_id": 1,
        "district_name": "Quận 1",
        "longitude": 106.7043092,
        "latitude": 10.7711662,
        "street_count": 4,
        "highway": null,
        "ref": null
      },
      "geometry": {
        "type": "Point",
        "coordinates": [
          106.7043092,
          10.7711662
        ]
      }
    },
    {
      "type": "Feature",
      "id": "q1-intersection-0146",
      "properties": {
        "source_feature_index": 146,
        "source_relation_id": "19260504",
        "district_id": 1,
        "district_name": "Quận 1",
        "longitude": 106.7034401,
        "latitude": 10.77718,
        "street_count": 3,
        "highway": null,
        "ref": null
      },
      "geometry": {
        "type": "Point",
        "coordinates": [
          106.7034401,
          10.77718
        ]
      }
    },
    {
      "type": "Feature",
      "id": "q1-intersection-0147",
      "properties": {
        "source_feature_index": 147,
        "source_relation_id": "19260504",
        "district_id": 1,
        "district_name": "Quận 1",
        "longitude": 106.7037077,
        "latitude": 10.7769646,
        "street_count": 3,
        "highway": null,
        "ref": null
      },
      "geometry": {
        "type": "Point",
        "coordinates": [
          106.7037077,
          10.7769646
        ]
      }
    },
    {
      "type": "Feature",
      "id": "q1-intersection-0148",
      "properties": {
        "source_feature_index": 148,
        "source_relation_id": "19260504",
        "district_id": 1,
        "district_name": "Quận 1",
        "longitude": 106.7028245,
        "latitude": 10.7854521,
        "street_count": 3,
        "highway": null,
        "ref": null
      },
      "geometry": {
        "type": "Point",
        "coordinates": [
          106.7028245,
          10.7854521
        ]
      }
    },
    {
      "type": "Feature",
      "id": "q1-intersection-0149",
      "properties": {
        "source_feature_index": 149,
        "source_relation_id": "19260504",
        "district_id": 1,
        "district_name": "Quận 1",
        "longitude": 106.7029702,
        "latitude": 10.7749426,
        "street_count": 3,
        "highway": null,
        "ref": null
      },
      "geometry": {
        "type": "Point",
        "coordinates": [
          106.7029702,
          10.7749426
        ]
      }
    },
    {
      "type": "Feature",
      "id": "q1-intersection-0150",
      "properties": {
        "source_feature_index": 150,
        "source_relation_id": "19260504",
        "district_id": 1,
        "district_name": "Quận 1",
        "longitude": 106.7035916,
        "latitude": 10.7755944,
        "street_count": 3,
        "highway": null,
        "ref": null
      },
      "geometry": {
        "type": "Point",
        "coordinates": [
          106.7035916,
          10.7755944
        ]
      }
    },
    {
      "type": "Feature",
      "id": "q1-intersection-0151",
      "properties": {
        "source_feature_index": 151,
        "source_relation_id": "19260504",
        "district_id": 1,
        "district_name": "Quận 1",
        "longitude": 106.6995877,
        "latitude": 10.7884681,
        "street_count": 4,
        "highway": null,
        "ref": null
      },
      "geometry": {
        "type": "Point",
        "coordinates": [
          106.6995877,
          10.7884681
        ]
      }
    },
    {
      "type": "Feature",
      "id": "q1-intersection-0152",
      "properties": {
        "source_feature_index": 152,
        "source_relation_id": "19260504",
        "district_id": 1,
        "district_name": "Quận 1",
        "longitude": 106.7079426,
        "latitude": 10.7845334,
        "street_count": 4,
        "highway": null,
        "ref": null
      },
      "geometry": {
        "type": "Point",
        "coordinates": [
          106.7079426,
          10.7845334
        ]
      }
    },
    {
      "type": "Feature",
      "id": "q1-intersection-0153",
      "properties": {
        "source_feature_index": 153,
        "source_relation_id": "19260504",
        "district_id": 1,
        "district_name": "Quận 1",
        "longitude": 106.7045468,
        "latitude": 10.7804132,
        "street_count": 3,
        "highway": null,
        "ref": null
      },
      "geometry": {
        "type": "Point",
        "coordinates": [
          106.7045468,
          10.7804132
        ]
      }
    },
    {
      "type": "Feature",
      "id": "q1-intersection-0154",
      "properties": {
        "source_feature_index": 154,
        "source_relation_id": "19260504",
        "district_id": 1,
        "district_name": "Quận 1",
        "longitude": 106.7047876,
        "latitude": 10.7802027,
        "street_count": 1,
        "highway": null,
        "ref": null
      },
      "geometry": {
        "type": "Point",
        "coordinates": [
          106.7047876,
          10.7802027
        ]
      }
    },
    {
      "type": "Feature",
      "id": "q1-intersection-0155",
      "properties": {
        "source_feature_index": 155,
        "source_relation_id": "19260504",
        "district_id": 1,
        "district_name": "Quận 1",
        "longitude": 106.7046381,
        "latitude": 10.7800151,
        "street_count": 3,
        "highway": null,
        "ref": null
      },
      "geometry": {
        "type": "Point",
        "coordinates": [
          106.7046381,
          10.7800151
        ]
      }
    },
    {
      "type": "Feature",
      "id": "q1-intersection-0156",
      "properties": {
        "source_feature_index": 156,
        "source_relation_id": "19260504",
        "district_id": 1,
        "district_name": "Quận 1",
        "longitude": 106.7045988,
        "latitude": 10.7792703,
        "street_count": 3,
        "highway": null,
        "ref": null
      },
      "geometry": {
        "type": "Point",
        "coordinates": [
          106.7045988,
          10.7792703
        ]
      }
    },
    {
      "type": "Feature",
      "id": "q1-intersection-0157",
      "properties": {
        "source_feature_index": 157,
        "source_relation_id": "19260504",
        "district_id": 1,
        "district_name": "Quận 1",
        "longitude": 106.705005,
        "latitude": 10.7797085,
        "street_count": 3,
        "highway": null,
        "ref": null
      },
      "geometry": {
        "type": "Point",
        "coordinates": [
          106.705005,
          10.7797085
        ]
      }
    },
    {
      "type": "Feature",
      "id": "q1-intersection-0158",
      "properties": {
        "source_feature_index": 158,
        "source_relation_id": "19260504",
        "district_id": 1,
        "district_name": "Quận 1",
        "longitude": 106.6979087,
        "latitude": 10.7786471,
        "street_count": 4,
        "highway": null,
        "ref": null
      },
      "geometry": {
        "type": "Point",
        "coordinates": [
          106.6979087,
          10.7786471
        ]
      }
    },
    {
      "type": "Feature",
      "id": "q1-intersection-0159",
      "properties": {
        "source_feature_index": 159,
        "source_relation_id": "19260504",
        "district_id": 1,
        "district_name": "Quận 1",
        "longitude": 106.7026267,
        "latitude": 10.7836107,
        "street_count": 3,
        "highway": null,
        "ref": null
      },
      "geometry": {
        "type": "Point",
        "coordinates": [
          106.7026267,
          10.7836107
        ]
      }
    },
    {
      "type": "Feature",
      "id": "q1-intersection-0160",
      "properties": {
        "source_feature_index": 160,
        "source_relation_id": "19260504",
        "district_id": 1,
        "district_name": "Quận 1",
        "longitude": 106.7056334,
        "latitude": 10.7909104,
        "street_count": 3,
        "highway": null,
        "ref": null
      },
      "geometry": {
        "type": "Point",
        "coordinates": [
          106.7056334,
          10.7909104
        ]
      }
    },
    {
      "type": "Feature",
      "id": "q1-intersection-0161",
      "properties": {
        "source_feature_index": 161,
        "source_relation_id": "19260504",
        "district_id": 1,
        "district_name": "Quận 1",
        "longitude": 106.7058503,
        "latitude": 10.7718214,
        "street_count": 3,
        "highway": null,
        "ref": null
      },
      "geometry": {
        "type": "Point",
        "coordinates": [
          106.7058503,
          10.7718214
        ]
      }
    },
    {
      "type": "Feature",
      "id": "q1-intersection-0162",
      "properties": {
        "source_feature_index": 162,
        "source_relation_id": "19260504",
        "district_id": 1,
        "district_name": "Quận 1",
        "longitude": 106.7060825,
        "latitude": 10.772069,
        "street_count": 3,
        "highway": null,
        "ref": null
      },
      "geometry": {
        "type": "Point",
        "coordinates": [
          106.7060825,
          10.772069
        ]
      }
    },
    {
      "type": "Feature",
      "id": "q1-intersection-0163",
      "properties": {
        "source_feature_index": 163,
        "source_relation_id": "19260504",
        "district_id": 1,
        "district_name": "Quận 1",
        "longitude": 106.7061991,
        "latitude": 10.7705738,
        "street_count": 4,
        "highway": null,
        "ref": null
      },
      "geometry": {
        "type": "Point",
        "coordinates": [
          106.7061991,
          10.7705738
        ]
      }
    },
    {
      "type": "Feature",
      "id": "q1-intersection-0164",
      "properties": {
        "source_feature_index": 164,
        "source_relation_id": "19260504",
        "district_id": 1,
        "district_name": "Quận 1",
        "longitude": 106.7062095,
        "latitude": 10.7706718,
        "street_count": 3,
        "highway": null,
        "ref": null
      },
      "geometry": {
        "type": "Point",
        "coordinates": [
          106.7062095,
          10.7706718
        ]
      }
    },
    {
      "type": "Feature",
      "id": "q1-intersection-0165",
      "properties": {
        "source_feature_index": 165,
        "source_relation_id": "19260504",
        "district_id": 1,
        "district_name": "Quận 1",
        "longitude": 106.7062229,
        "latitude": 10.7708006,
        "street_count": 3,
        "highway": null,
        "ref": null
      },
      "geometry": {
        "type": "Point",
        "coordinates": [
          106.7062229,
          10.7708006
        ]
      }
    },
    {
      "type": "Feature",
      "id": "q1-intersection-0166",
      "properties": {
        "source_feature_index": 166,
        "source_relation_id": "19260504",
        "district_id": 1,
        "district_name": "Quận 1",
        "longitude": 106.7062303,
        "latitude": 10.770895,
        "street_count": 3,
        "highway": null,
        "ref": null
      },
      "geometry": {
        "type": "Point",
        "coordinates": [
          106.7062303,
          10.770895
        ]
      }
    },
    {
      "type": "Feature",
      "id": "q1-intersection-0167",
      "properties": {
        "source_feature_index": 167,
        "source_relation_id": "19260504",
        "district_id": 1,
        "district_name": "Quận 1",
        "longitude": 106.705399,
        "latitude": 10.7722276,
        "street_count": 3,
        "highway": null,
        "ref": null
      },
      "geometry": {
        "type": "Point",
        "coordinates": [
          106.705399,
          10.7722276
        ]
      }
    },
    {
      "type": "Feature",
      "id": "q1-intersection-0168",
      "properties": {
        "source_feature_index": 168,
        "source_relation_id": "19260504",
        "district_id": 1,
        "district_name": "Quận 1",
        "longitude": 106.7080446,
        "latitude": 10.7844397,
        "street_count": 4,
        "highway": null,
        "ref": null
      },
      "geometry": {
        "type": "Point",
        "coordinates": [
          106.7080446,
          10.7844397
        ]
      }
    },
    {
      "type": "Feature",
      "id": "q1-intersection-0169",
      "properties": {
        "source_feature_index": 169,
        "source_relation_id": "19260504",
        "district_id": 1,
        "district_name": "Quận 1",
        "longitude": 106.7126395,
        "latitude": 10.7871845,
        "street_count": 1,
        "highway": null,
        "ref": null
      },
      "geometry": {
        "type": "Point",
        "coordinates": [
          106.7126395,
          10.7871845
        ]
      }
    },
    {
      "type": "Feature",
      "id": "q1-intersection-0170",
      "properties": {
        "source_feature_index": 170,
        "source_relation_id": "19260504",
        "district_id": 1,
        "district_name": "Quận 1",
        "longitude": 106.7110053,
        "latitude": 10.7872494,
        "street_count": 3,
        "highway": null,
        "ref": null
      },
      "geometry": {
        "type": "Point",
        "coordinates": [
          106.7110053,
          10.7872494
        ]
      }
    },
    {
      "type": "Feature",
      "id": "q1-intersection-0171",
      "properties": {
        "source_feature_index": 171,
        "source_relation_id": "19260504",
        "district_id": 1,
        "district_name": "Quận 1",
        "longitude": 106.7097856,
        "latitude": 10.7871114,
        "street_count": 3,
        "highway": null,
        "ref": null
      },
      "geometry": {
        "type": "Point",
        "coordinates": [
          106.7097856,
          10.7871114
        ]
      }
    },
    {
      "type": "Feature",
      "id": "q1-intersection-0172",
      "properties": {
        "source_feature_index": 172,
        "source_relation_id": "19260504",
        "district_id": 1,
        "district_name": "Quận 1",
        "longitude": 106.7088118,
        "latitude": 10.7856259,
        "street_count": 3,
        "highway": null,
        "ref": null
      },
      "geometry": {
        "type": "Point",
        "coordinates": [
          106.7088118,
          10.7856259
        ]
      }
    },
    {
      "type": "Feature",
      "id": "q1-intersection-0173",
      "properties": {
        "source_feature_index": 173,
        "source_relation_id": "19260504",
        "district_id": 1,
        "district_name": "Quận 1",
        "longitude": 106.7047553,
        "latitude": 10.7794408,
        "street_count": 4,
        "highway": null,
        "ref": null
      },
      "geometry": {
        "type": "Point",
        "coordinates": [
          106.7047553,
          10.7794408
        ]
      }
    },
    {
      "type": "Feature",
      "id": "q1-intersection-0174",
      "properties": {
        "source_feature_index": 174,
        "source_relation_id": "19260504",
        "district_id": 1,
        "district_name": "Quận 1",
        "longitude": 106.7014332,
        "latitude": 10.7814769,
        "street_count": 3,
        "highway": null,
        "ref": null
      },
      "geometry": {
        "type": "Point",
        "coordinates": [
          106.7014332,
          10.7814769
        ]
      }
    },
    {
      "type": "Feature",
      "id": "q1-intersection-0175",
      "properties": {
        "source_feature_index": 175,
        "source_relation_id": "19260504",
        "district_id": 1,
        "district_name": "Quận 1",
        "longitude": 106.7072051,
        "latitude": 10.7782199,
        "street_count": 3,
        "highway": null,
        "ref": null
      },
      "geometry": {
        "type": "Point",
        "coordinates": [
          106.7072051,
          10.7782199
        ]
      }
    },
    {
      "type": "Feature",
      "id": "q1-intersection-0176",
      "properties": {
        "source_feature_index": 176,
        "source_relation_id": "19260504",
        "district_id": 1,
        "district_name": "Quận 1",
        "longitude": 106.7107626,
        "latitude": 10.7862185,
        "street_count": 3,
        "highway": null,
        "ref": null
      },
      "geometry": {
        "type": "Point",
        "coordinates": [
          106.7107626,
          10.7862185
        ]
      }
    },
    {
      "type": "Feature",
      "id": "q1-intersection-0177",
      "properties": {
        "source_feature_index": 177,
        "source_relation_id": "19260504",
        "district_id": 1,
        "district_name": "Quận 1",
        "longitude": 106.7085827,
        "latitude": 10.7839413,
        "street_count": 3,
        "highway": null,
        "ref": null
      },
      "geometry": {
        "type": "Point",
        "coordinates": [
          106.7085827,
          10.7839413
        ]
      }
    },
    {
      "type": "Feature",
      "id": "q1-intersection-0178",
      "properties": {
        "source_feature_index": 178,
        "source_relation_id": "19260504",
        "district_id": 1,
        "district_name": "Quận 1",
        "longitude": 106.7117435,
        "latitude": 10.7865552,
        "street_count": 1,
        "highway": null,
        "ref": null
      },
      "geometry": {
        "type": "Point",
        "coordinates": [
          106.7117435,
          10.7865552
        ]
      }
    },
    {
      "type": "Feature",
      "id": "q1-intersection-0179",
      "properties": {
        "source_feature_index": 179,
        "source_relation_id": "19260504",
        "district_id": 1,
        "district_name": "Quận 1",
        "longitude": 106.7061973,
        "latitude": 10.7825132,
        "street_count": 4,
        "highway": null,
        "ref": null
      },
      "geometry": {
        "type": "Point",
        "coordinates": [
          106.7061973,
          10.7825132
        ]
      }
    },
    {
      "type": "Feature",
      "id": "q1-intersection-0180",
      "properties": {
        "source_feature_index": 180,
        "source_relation_id": "19260504",
        "district_id": 1,
        "district_name": "Quận 1",
        "longitude": 106.7064213,
        "latitude": 10.7823493,
        "street_count": 3,
        "highway": null,
        "ref": null
      },
      "geometry": {
        "type": "Point",
        "coordinates": [
          106.7064213,
          10.7823493
        ]
      }
    },
    {
      "type": "Feature",
      "id": "q1-intersection-0181",
      "properties": {
        "source_feature_index": 181,
        "source_relation_id": "19260504",
        "district_id": 1,
        "district_name": "Quận 1",
        "longitude": 106.7081312,
        "latitude": 10.7847647,
        "street_count": 3,
        "highway": null,
        "ref": null
      },
      "geometry": {
        "type": "Point",
        "coordinates": [
          106.7081312,
          10.7847647
        ]
      }
    },
    {
      "type": "Feature",
      "id": "q1-intersection-0182",
      "properties": {
        "source_feature_index": 182,
        "source_relation_id": "19260504",
        "district_id": 1,
        "district_name": "Quận 1",
        "longitude": 106.7080646,
        "latitude": 10.7848168,
        "street_count": 1,
        "highway": null,
        "ref": null
      },
      "geometry": {
        "type": "Point",
        "coordinates": [
          106.7080646,
          10.7848168
        ]
      }
    },
    {
      "type": "Feature",
      "id": "q1-intersection-0183",
      "properties": {
        "source_feature_index": 183,
        "source_relation_id": "19260504",
        "district_id": 1,
        "district_name": "Quận 1",
        "longitude": 106.7044088,
        "latitude": 10.7709748,
        "street_count": 5,
        "highway": null,
        "ref": null
      },
      "geometry": {
        "type": "Point",
        "coordinates": [
          106.7044088,
          10.7709748
        ]
      }
    },
    {
      "type": "Feature",
      "id": "q1-intersection-0184",
      "properties": {
        "source_feature_index": 184,
        "source_relation_id": "19260504",
        "district_id": 1,
        "district_name": "Quận 1",
        "longitude": 106.7058247,
        "latitude": 10.7753411,
        "street_count": 4,
        "highway": null,
        "ref": null
      },
      "geometry": {
        "type": "Point",
        "coordinates": [
          106.7058247,
          10.7753411
        ]
      }
    },
    {
      "type": "Feature",
      "id": "q1-intersection-0185",
      "properties": {
        "source_feature_index": 185,
        "source_relation_id": "19260504",
        "district_id": 1,
        "district_name": "Quận 1",
        "longitude": 106.7060029,
        "latitude": 10.7757236,
        "street_count": 4,
        "highway": null,
        "ref": null
      },
      "geometry": {
        "type": "Point",
        "coordinates": [
          106.7060029,
          10.7757236
        ]
      }
    },
    {
      "type": "Feature",
      "id": "q1-intersection-0186",
      "properties": {
        "source_feature_index": 186,
        "source_relation_id": "19260504",
        "district_id": 1,
        "district_name": "Quận 1",
        "longitude": 106.7059388,
        "latitude": 10.7749157,
        "street_count": 4,
        "highway": null,
        "ref": null
      },
      "geometry": {
        "type": "Point",
        "coordinates": [
          106.7059388,
          10.7749157
        ]
      }
    },
    {
      "type": "Feature",
      "id": "q1-intersection-0187",
      "properties": {
        "source_feature_index": 187,
        "source_relation_id": "19260504",
        "district_id": 1,
        "district_name": "Quận 1",
        "longitude": 106.701441,
        "latitude": 10.7710322,
        "street_count": 3,
        "highway": "traffic_signals",
        "ref": null
      },
      "geometry": {
        "type": "Point",
        "coordinates": [
          106.701441,
          10.7710322
        ]
      }
    },
    {
      "type": "Feature",
      "id": "q1-intersection-0188",
      "properties": {
        "source_feature_index": 188,
        "source_relation_id": "19260504",
        "district_id": 1,
        "district_name": "Quận 1",
        "longitude": 106.7030384,
        "latitude": 10.7684921,
        "street_count": 1,
        "highway": null,
        "ref": null
      },
      "geometry": {
        "type": "Point",
        "coordinates": [
          106.7030384,
          10.7684921
        ]
      }
    },
    {
      "type": "Feature",
      "id": "q1-intersection-0189",
      "properties": {
        "source_feature_index": 189,
        "source_relation_id": "19260504",
        "district_id": 1,
        "district_name": "Quận 1",
        "longitude": 106.7092041,
        "latitude": 10.7845723,
        "street_count": 3,
        "highway": null,
        "ref": null
      },
      "geometry": {
        "type": "Point",
        "coordinates": [
          106.7092041,
          10.7845723
        ]
      }
    },
    {
      "type": "Feature",
      "id": "q1-intersection-0190",
      "properties": {
        "source_feature_index": 190,
        "source_relation_id": "19260504",
        "district_id": 1,
        "district_name": "Quận 1",
        "longitude": 106.7098315,
        "latitude": 10.7839852,
        "street_count": 3,
        "highway": null,
        "ref": null
      },
      "geometry": {
        "type": "Point",
        "coordinates": [
          106.7098315,
          10.7839852
        ]
      }
    },
    {
      "type": "Feature",
      "id": "q1-intersection-0191",
      "properties": {
        "source_feature_index": 191,
        "source_relation_id": "19260504",
        "district_id": 1,
        "district_name": "Quận 1",
        "longitude": 106.7095572,
        "latitude": 10.7849483,
        "street_count": 3,
        "highway": null,
        "ref": null
      },
      "geometry": {
        "type": "Point",
        "coordinates": [
          106.7095572,
          10.7849483
        ]
      }
    },
    {
      "type": "Feature",
      "id": "q1-intersection-0192",
      "properties": {
        "source_feature_index": 192,
        "source_relation_id": "19260504",
        "district_id": 1,
        "district_name": "Quận 1",
        "longitude": 106.7101877,
        "latitude": 10.784363,
        "street_count": 3,
        "highway": null,
        "ref": null
      },
      "geometry": {
        "type": "Point",
        "coordinates": [
          106.7101877,
          10.784363
        ]
      }
    },
    {
      "type": "Feature",
      "id": "q1-intersection-0193",
      "properties": {
        "source_feature_index": 193,
        "source_relation_id": "19260504",
        "district_id": 1,
        "district_name": "Quận 1",
        "longitude": 106.7100282,
        "latitude": 10.7854498,
        "street_count": 3,
        "highway": null,
        "ref": null
      },
      "geometry": {
        "type": "Point",
        "coordinates": [
          106.7100282,
          10.7854498
        ]
      }
    },
    {
      "type": "Feature",
      "id": "q1-intersection-0194",
      "properties": {
        "source_feature_index": 194,
        "source_relation_id": "19260504",
        "district_id": 1,
        "district_name": "Quận 1",
        "longitude": 106.7106658,
        "latitude": 10.7848702,
        "street_count": 3,
        "highway": null,
        "ref": null
      },
      "geometry": {
        "type": "Point",
        "coordinates": [
          106.7106658,
          10.7848702
        ]
      }
    },
    {
      "type": "Feature",
      "id": "q1-intersection-0195",
      "properties": {
        "source_feature_index": 195,
        "source_relation_id": "19260504",
        "district_id": 1,
        "district_name": "Quận 1",
        "longitude": 106.7098979,
        "latitude": 10.7853111,
        "street_count": 3,
        "highway": null,
        "ref": null
      },
      "geometry": {
        "type": "Point",
        "coordinates": [
          106.7098979,
          10.7853111
        ]
      }
    },
    {
      "type": "Feature",
      "id": "q1-intersection-0196",
      "properties": {
        "source_feature_index": 196,
        "source_relation_id": "19260504",
        "district_id": 1,
        "district_name": "Quận 1",
        "longitude": 106.7105392,
        "latitude": 10.784736,
        "street_count": 3,
        "highway": null,
        "ref": null
      },
      "geometry": {
        "type": "Point",
        "coordinates": [
          106.7105392,
          10.784736
        ]
      }
    },
    {
      "type": "Feature",
      "id": "q1-intersection-0197",
      "properties": {
        "source_feature_index": 197,
        "source_relation_id": "19260504",
        "district_id": 1,
        "district_name": "Quận 1",
        "longitude": 106.7103834,
        "latitude": 10.7858279,
        "street_count": 3,
        "highway": null,
        "ref": null
      },
      "geometry": {
        "type": "Point",
        "coordinates": [
          106.7103834,
          10.7858279
        ]
      }
    },
    {
      "type": "Feature",
      "id": "q1-intersection-0198",
      "properties": {
        "source_feature_index": 198,
        "source_relation_id": "19260504",
        "district_id": 1,
        "district_name": "Quận 1",
        "longitude": 106.7110196,
        "latitude": 10.7852455,
        "street_count": 3,
        "highway": null,
        "ref": null
      },
      "geometry": {
        "type": "Point",
        "coordinates": [
          106.7110196,
          10.7852455
        ]
      }
    },
    {
      "type": "Feature",
      "id": "q1-intersection-0199",
      "properties": {
        "source_feature_index": 199,
        "source_relation_id": "19260504",
        "district_id": 1,
        "district_name": "Quận 1",
        "longitude": 106.7012045,
        "latitude": 10.7831604,
        "street_count": 4,
        "highway": "traffic_signals",
        "ref": null
      },
      "geometry": {
        "type": "Point",
        "coordinates": [
          106.7012045,
          10.7831604
        ]
      }
    },
    {
      "type": "Feature",
      "id": "q1-intersection-0200",
      "properties": {
        "source_feature_index": 200,
        "source_relation_id": "19260504",
        "district_id": 1,
        "district_name": "Quận 1",
        "longitude": 106.6973782,
        "latitude": 10.7791384,
        "street_count": 4,
        "highway": null,
        "ref": null
      },
      "geometry": {
        "type": "Point",
        "coordinates": [
          106.6973782,
          10.7791384
        ]
      }
    },
    {
      "type": "Feature",
      "id": "q1-intersection-0201",
      "properties": {
        "source_feature_index": 201,
        "source_relation_id": "19260504",
        "district_id": 1,
        "district_name": "Quận 1",
        "longitude": 106.7001223,
        "latitude": 10.7820025,
        "street_count": 3,
        "highway": null,
        "ref": null
      },
      "geometry": {
        "type": "Point",
        "coordinates": [
          106.7001223,
          10.7820025
        ]
      }
    },
    {
      "type": "Feature",
      "id": "q1-intersection-0202",
      "properties": {
        "source_feature_index": 202,
        "source_relation_id": "19260504",
        "district_id": 1,
        "district_name": "Quận 1",
        "longitude": 106.703163,
        "latitude": 10.7852326,
        "street_count": 4,
        "highway": null,
        "ref": null
      },
      "geometry": {
        "type": "Point",
        "coordinates": [
          106.703163,
          10.7852326
        ]
      }
    },
    {
      "type": "Feature",
      "id": "q1-intersection-0203",
      "properties": {
        "source_feature_index": 203,
        "source_relation_id": "19260504",
        "district_id": 1,
        "district_name": "Quận 1",
        "longitude": 106.6999459,
        "latitude": 10.7789593,
        "street_count": 3,
        "highway": null,
        "ref": null
      },
      "geometry": {
        "type": "Point",
        "coordinates": [
          106.6999459,
          10.7789593
        ]
      }
    },
    {
      "type": "Feature",
      "id": "q1-intersection-0204",
      "properties": {
        "source_feature_index": 204,
        "source_relation_id": "19260504",
        "district_id": 1,
        "district_name": "Quận 1",
        "longitude": 106.7100817,
        "latitude": 10.786727,
        "street_count": 1,
        "highway": null,
        "ref": "LUX-6"
      },
      "geometry": {
        "type": "Point",
        "coordinates": [
          106.7100817,
          10.786727
        ]
      }
    },
    {
      "type": "Feature",
      "id": "q1-intersection-0205",
      "properties": {
        "source_feature_index": 205,
        "source_relation_id": "19260504",
        "district_id": 1,
        "district_name": "Quận 1",
        "longitude": 106.7101451,
        "latitude": 10.7867796,
        "street_count": 3,
        "highway": "crossing",
        "ref": null
      },
      "geometry": {
        "type": "Point",
        "coordinates": [
          106.7101451,
          10.7867796
        ]
      }
    },
    {
      "type": "Feature",
      "id": "q1-intersection-0206",
      "properties": {
        "source_feature_index": 206,
        "source_relation_id": "19260504",
        "district_id": 1,
        "district_name": "Quận 1",
        "longitude": 106.7104852,
        "latitude": 10.7871284,
        "street_count": 1,
        "highway": null,
        "ref": "AQUA 1 & 2"
      },
      "geometry": {
        "type": "Point",
        "coordinates": [
          106.7104852,
          10.7871284
        ]
      }
    },
    {
      "type": "Feature",
      "id": "q1-intersection-0207",
      "properties": {
        "source_feature_index": 207,
        "source_relation_id": "19260504",
        "district_id": 1,
        "district_name": "Quận 1",
        "longitude": 106.710457,
        "latitude": 10.7871904,
        "street_count": 3,
        "highway": null,
        "ref": null
      },
      "geometry": {
        "type": "Point",
        "coordinates": [
          106.710457,
          10.7871904
        ]
      }
    },
    {
      "type": "Feature",
      "id": "q1-intersection-0208",
      "properties": {
        "source_feature_index": 208,
        "source_relation_id": "19260504",
        "district_id": 1,
        "district_name": "Quận 1",
        "longitude": 106.7116845,
        "latitude": 10.7872267,
        "street_count": 1,
        "highway": null,
        "ref": "AQUA 3 & 4"
      },
      "geometry": {
        "type": "Point",
        "coordinates": [
          106.7116845,
          10.7872267
        ]
      }
    },
    {
      "type": "Feature",
      "id": "q1-intersection-0209",
      "properties": {
        "source_feature_index": 209,
        "source_relation_id": "19260504",
        "district_id": 1,
        "district_name": "Quận 1",
        "longitude": 106.7116713,
        "latitude": 10.7873089,
        "street_count": 3,
        "highway": null,
        "ref": null
      },
      "geometry": {
        "type": "Point",
        "coordinates": [
          106.7116713,
          10.7873089
        ]
      }
    },
    {
      "type": "Feature",
      "id": "q1-intersection-0210",
      "properties": {
        "source_feature_index": 210,
        "source_relation_id": "19260504",
        "district_id": 1,
        "district_name": "Quận 1",
        "longitude": 106.7123598,
        "latitude": 10.7872538,
        "street_count": 3,
        "highway": null,
        "ref": null
      },
      "geometry": {
        "type": "Point",
        "coordinates": [
          106.7123598,
          10.7872538
        ]
      }
    },
    {
      "type": "Feature",
      "id": "q1-intersection-0211",
      "properties": {
        "source_feature_index": 211,
        "source_relation_id": "19260504",
        "district_id": 1,
        "district_name": "Quận 1",
        "longitude": 106.712251,
        "latitude": 10.7872817,
        "street_count": 3,
        "highway": null,
        "ref": null
      },
      "geometry": {
        "type": "Point",
        "coordinates": [
          106.712251,
          10.7872817
        ]
      }
    },
    {
      "type": "Feature",
      "id": "q1-intersection-0212",
      "properties": {
        "source_feature_index": 212,
        "source_relation_id": "19260504",
        "district_id": 1,
        "district_name": "Quận 1",
        "longitude": 106.710308,
        "latitude": 10.7866341,
        "street_count": 3,
        "highway": "crossing",
        "ref": null
      },
      "geometry": {
        "type": "Point",
        "coordinates": [
          106.710308,
          10.7866341
        ]
      }
    },
    {
      "type": "Feature",
      "id": "q1-intersection-0213",
      "properties": {
        "source_feature_index": 213,
        "source_relation_id": "19260504",
        "district_id": 1,
        "district_name": "Quận 1",
        "longitude": 106.7104276,
        "latitude": 10.7865173,
        "street_count": 3,
        "highway": "crossing",
        "ref": null
      },
      "geometry": {
        "type": "Point",
        "coordinates": [
          106.7104276,
          10.7865173
        ]
      }
    },
    {
      "type": "Feature",
      "id": "q1-intersection-0214",
      "properties": {
        "source_feature_index": 214,
        "source_relation_id": "19260504",
        "district_id": 1,
        "district_name": "Quận 1",
        "longitude": 106.6984437,
        "latitude": 10.7802601,
        "street_count": 4,
        "highway": null,
        "ref": null
      },
      "geometry": {
        "type": "Point",
        "coordinates": [
          106.6984437,
          10.7802601
        ]
      }
    },
    {
      "type": "Feature",
      "id": "q1-intersection-0215",
      "properties": {
        "source_feature_index": 215,
        "source_relation_id": "19260504",
        "district_id": 1,
        "district_name": "Quận 1",
        "longitude": 106.6985782,
        "latitude": 10.7803158,
        "street_count": 3,
        "highway": null,
        "ref": null
      },
      "geometry": {
        "type": "Point",
        "coordinates": [
          106.6985782,
          10.7803158
        ]
      }
    },
    {
      "type": "Feature",
      "id": "q1-intersection-0216",
      "properties": {
        "source_feature_index": 216,
        "source_relation_id": "19260504",
        "district_id": 1,
        "district_name": "Quận 1",
        "longitude": 106.6984619,
        "latitude": 10.7803384,
        "street_count": 3,
        "highway": null,
        "ref": null
      },
      "geometry": {
        "type": "Point",
        "coordinates": [
          106.6984619,
          10.7803384
        ]
      }
    },
    {
      "type": "Feature",
      "id": "q1-intersection-0217",
      "properties": {
        "source_feature_index": 217,
        "source_relation_id": "19260504",
        "district_id": 1,
        "district_name": "Quận 1",
        "longitude": 106.6985363,
        "latitude": 10.7803536,
        "street_count": 3,
        "highway": null,
        "ref": null
      },
      "geometry": {
        "type": "Point",
        "coordinates": [
          106.6985363,
          10.7803536
        ]
      }
    },
    {
      "type": "Feature",
      "id": "q1-intersection-0218",
      "properties": {
        "source_feature_index": 218,
        "source_relation_id": "19260504",
        "district_id": 1,
        "district_name": "Quận 1",
        "longitude": 106.7066497,
        "latitude": 10.7759769,
        "street_count": 3,
        "highway": null,
        "ref": null
      },
      "geometry": {
        "type": "Point",
        "coordinates": [
          106.7066497,
          10.7759769
        ]
      }
    },
    {
      "type": "Feature",
      "id": "q1-intersection-0219",
      "properties": {
        "source_feature_index": 219,
        "source_relation_id": "19260504",
        "district_id": 1,
        "district_name": "Quận 1",
        "longitude": 106.7048197,
        "latitude": 10.7834972,
        "street_count": 3,
        "highway": null,
        "ref": null
      },
      "geometry": {
        "type": "Point",
        "coordinates": [
          106.7048197,
          10.7834972
        ]
      }
    },
    {
      "type": "Feature",
      "id": "q1-intersection-0220",
      "properties": {
        "source_feature_index": 220,
        "source_relation_id": "19260504",
        "district_id": 1,
        "district_name": "Quận 1",
        "longitude": 106.7048865,
        "latitude": 10.7836176,
        "street_count": 3,
        "highway": null,
        "ref": null
      },
      "geometry": {
        "type": "Point",
        "coordinates": [
          106.7048865,
          10.7836176
        ]
      }
    },
    {
      "type": "Feature",
      "id": "q1-intersection-0221",
      "properties": {
        "source_feature_index": 221,
        "source_relation_id": "19260504",
        "district_id": 1,
        "district_name": "Quận 1",
        "longitude": 106.7058055,
        "latitude": 10.7842074,
        "street_count": 1,
        "highway": null,
        "ref": null
      },
      "geometry": {
        "type": "Point",
        "coordinates": [
          106.7058055,
          10.7842074
        ]
      }
    },
    {
      "type": "Feature",
      "id": "q1-intersection-0222",
      "properties": {
        "source_feature_index": 222,
        "source_relation_id": "19260504",
        "district_id": 1,
        "district_name": "Quận 1",
        "longitude": 106.7085388,
        "latitude": 10.7804644,
        "street_count": 3,
        "highway": null,
        "ref": null
      },
      "geometry": {
        "type": "Point",
        "coordinates": [
          106.7085388,
          10.7804644
        ]
      }
    },
    {
      "type": "Feature",
      "id": "q1-intersection-0223",
      "properties": {
        "source_feature_index": 223,
        "source_relation_id": "19260504",
        "district_id": 1,
        "district_name": "Quận 1",
        "longitude": 106.7044955,
        "latitude": 10.7707489,
        "street_count": 4,
        "highway": null,
        "ref": null
      },
      "geometry": {
        "type": "Point",
        "coordinates": [
          106.7044955,
          10.7707489
        ]
      }
    },
    {
      "type": "Feature",
      "id": "q1-intersection-0224",
      "properties": {
        "source_feature_index": 224,
        "source_relation_id": "19260504",
        "district_id": 1,
        "district_name": "Quận 1",
        "longitude": 106.7044453,
        "latitude": 10.7708796,
        "street_count": 4,
        "highway": null,
        "ref": null
      },
      "geometry": {
        "type": "Point",
        "coordinates": [
          106.7044453,
          10.7708796
        ]
      }
    },
    {
      "type": "Feature",
      "id": "q1-intersection-0225",
      "properties": {
        "source_feature_index": 225,
        "source_relation_id": "19260504",
        "district_id": 1,
        "district_name": "Quận 1",
        "longitude": 106.7061161,
        "latitude": 10.7822366,
        "street_count": 3,
        "highway": null,
        "ref": null
      },
      "geometry": {
        "type": "Point",
        "coordinates": [
          106.7061161,
          10.7822366
        ]
      }
    },
    {
      "type": "Feature",
      "id": "q1-intersection-0226",
      "properties": {
        "source_feature_index": 226,
        "source_relation_id": "19260504",
        "district_id": 1,
        "district_name": "Quận 1",
        "longitude": 106.7082135,
        "latitude": 10.7842773,
        "street_count": 4,
        "highway": null,
        "ref": null
      },
      "geometry": {
        "type": "Point",
        "coordinates": [
          106.7082135,
          10.7842773
        ]
      }
    },
    {
      "type": "Feature",
      "id": "q1-intersection-0227",
      "properties": {
        "source_feature_index": 227,
        "source_relation_id": "19260504",
        "district_id": 1,
        "district_name": "Quận 1",
        "longitude": 106.7077438,
        "latitude": 10.7811845,
        "street_count": 3,
        "highway": null,
        "ref": null
      },
      "geometry": {
        "type": "Point",
        "coordinates": [
          106.7077438,
          10.7811845
        ]
      }
    },
    {
      "type": "Feature",
      "id": "q1-intersection-0228",
      "properties": {
        "source_feature_index": 228,
        "source_relation_id": "19260504",
        "district_id": 1,
        "district_name": "Quận 1",
        "longitude": 106.7085053,
        "latitude": 10.7804052,
        "street_count": 3,
        "highway": null,
        "ref": null
      },
      "geometry": {
        "type": "Point",
        "coordinates": [
          106.7085053,
          10.7804052
        ]
      }
    },
    {
      "type": "Feature",
      "id": "q1-intersection-0229",
      "properties": {
        "source_feature_index": 229,
        "source_relation_id": "19260504",
        "district_id": 1,
        "district_name": "Quận 1",
        "longitude": 106.7009856,
        "latitude": 10.7743715,
        "street_count": 4,
        "highway": null,
        "ref": null
      },
      "geometry": {
        "type": "Point",
        "coordinates": [
          106.7009856,
          10.7743715
        ]
      }
    },
    {
      "type": "Feature",
      "id": "q1-intersection-0230",
      "properties": {
        "source_feature_index": 230,
        "source_relation_id": "19260504",
        "district_id": 1,
        "district_name": "Quận 1",
        "longitude": 106.7073025,
        "latitude": 10.7781934,
        "street_count": 4,
        "highway": null,
        "ref": null
      },
      "geometry": {
        "type": "Point",
        "coordinates": [
          106.7073025,
          10.7781934
        ]
      }
    },
    {
      "type": "Feature",
      "id": "q1-intersection-0231",
      "properties": {
        "source_feature_index": 231,
        "source_relation_id": "19260504",
        "district_id": 1,
        "district_name": "Quận 1",
        "longitude": 106.7060567,
        "latitude": 10.7826396,
        "street_count": 3,
        "highway": null,
        "ref": null
      },
      "geometry": {
        "type": "Point",
        "coordinates": [
          106.7060567,
          10.7826396
        ]
      }
    },
    {
      "type": "Feature",
      "id": "q1-intersection-0232",
      "properties": {
        "source_feature_index": 232,
        "source_relation_id": "19260504",
        "district_id": 1,
        "district_name": "Quận 1",
        "longitude": 106.70774,
        "latitude": 10.7801286,
        "street_count": 3,
        "highway": null,
        "ref": null
      },
      "geometry": {
        "type": "Point",
        "coordinates": [
          106.70774,
          10.7801286
        ]
      }
    },
    {
      "type": "Feature",
      "id": "q1-intersection-0233",
      "properties": {
        "source_feature_index": 233,
        "source_relation_id": "19260504",
        "district_id": 1,
        "district_name": "Quận 1",
        "longitude": 106.7074212,
        "latitude": 10.7839328,
        "street_count": 3,
        "highway": null,
        "ref": null
      },
      "geometry": {
        "type": "Point",
        "coordinates": [
          106.7074212,
          10.7839328
        ]
      }
    },
    {
      "type": "Feature",
      "id": "q1-intersection-0234",
      "properties": {
        "source_feature_index": 234,
        "source_relation_id": "19260504",
        "district_id": 1,
        "district_name": "Quận 1",
        "longitude": 106.700938,
        "latitude": 10.7744849,
        "street_count": 4,
        "highway": null,
        "ref": null
      },
      "geometry": {
        "type": "Point",
        "coordinates": [
          106.700938,
          10.7744849
        ]
      }
    },
    {
      "type": "Feature",
      "id": "q1-intersection-0235",
      "properties": {
        "source_feature_index": 235,
        "source_relation_id": "19260504",
        "district_id": 1,
        "district_name": "Quận 1",
        "longitude": 106.7010257,
        "latitude": 10.7742764,
        "street_count": 4,
        "highway": null,
        "ref": null
      },
      "geometry": {
        "type": "Point",
        "coordinates": [
          106.7010257,
          10.7742764
        ]
      }
    },
    {
      "type": "Feature",
      "id": "q1-intersection-0236",
      "properties": {
        "source_feature_index": 236,
        "source_relation_id": "19260504",
        "district_id": 1,
        "district_name": "Quận 1",
        "longitude": 106.706558,
        "latitude": 10.7818158,
        "street_count": 3,
        "highway": null,
        "ref": null
      },
      "geometry": {
        "type": "Point",
        "coordinates": [
          106.706558,
          10.7818158
        ]
      }
    },
    {
      "type": "Feature",
      "id": "q1-intersection-0237",
      "properties": {
        "source_feature_index": 237,
        "source_relation_id": "19260504",
        "district_id": 1,
        "district_name": "Quận 1",
        "longitude": 106.6996763,
        "latitude": 10.7870071,
        "street_count": 1,
        "highway": null,
        "ref": null
      },
      "geometry": {
        "type": "Point",
        "coordinates": [
          106.6996763,
          10.7870071
        ]
      }
    },
    {
      "type": "Feature",
      "id": "q1-intersection-0238",
      "properties": {
        "source_feature_index": 238,
        "source_relation_id": "19260504",
        "district_id": 1,
        "district_name": "Quận 1",
        "longitude": 106.7075111,
        "latitude": 10.7809356,
        "street_count": 3,
        "highway": null,
        "ref": null
      },
      "geometry": {
        "type": "Point",
        "coordinates": [
          106.7075111,
          10.7809356
        ]
      }
    },
    {
      "type": "Feature",
      "id": "q1-intersection-0239",
      "properties": {
        "source_feature_index": 239,
        "source_relation_id": "19260504",
        "district_id": 1,
        "district_name": "Quận 1",
        "longitude": 106.7074623,
        "latitude": 10.780979,
        "street_count": 3,
        "highway": null,
        "ref": null
      },
      "geometry": {
        "type": "Point",
        "coordinates": [
          106.7074623,
          10.780979
        ]
      }
    },
    {
      "type": "Feature",
      "id": "q1-intersection-0240",
      "properties": {
        "source_feature_index": 240,
        "source_relation_id": "19260504",
        "district_id": 1,
        "district_name": "Quận 1",
        "longitude": 106.702115,
        "latitude": 10.7752631,
        "street_count": 5,
        "highway": null,
        "ref": null
      },
      "geometry": {
        "type": "Point",
        "coordinates": [
          106.702115,
          10.7752631
        ]
      }
    },
    {
      "type": "Feature",
      "id": "q1-intersection-0241",
      "properties": {
        "source_feature_index": 241,
        "source_relation_id": "19260504",
        "district_id": 1,
        "district_name": "Quận 1",
        "longitude": 106.702352,
        "latitude": 10.7755164,
        "street_count": 4,
        "highway": null,
        "ref": null
      },
      "geometry": {
        "type": "Point",
        "coordinates": [
          106.702352,
          10.7755164
        ]
      }
    },
    {
      "type": "Feature",
      "id": "q1-intersection-0242",
      "properties": {
        "source_feature_index": 242,
        "source_relation_id": "19260504",
        "district_id": 1,
        "district_name": "Quận 1",
        "longitude": 106.7018715,
        "latitude": 10.7754753,
        "street_count": 5,
        "highway": null,
        "ref": null
      },
      "geometry": {
        "type": "Point",
        "coordinates": [
          106.7018715,
          10.7754753
        ]
      }
    },
    {
      "type": "Feature",
      "id": "q1-intersection-0243",
      "properties": {
        "source_feature_index": 243,
        "source_relation_id": "19260504",
        "district_id": 1,
        "district_name": "Quận 1",
        "longitude": 106.7021203,
        "latitude": 10.7757406,
        "street_count": 4,
        "highway": null,
        "ref": null
      },
      "geometry": {
        "type": "Point",
        "coordinates": [
          106.7021203,
          10.7757406
        ]
      }
    },
    {
      "type": "Feature",
      "id": "q1-intersection-0244",
      "properties": {
        "source_feature_index": 244,
        "source_relation_id": "19260504",
        "district_id": 1,
        "district_name": "Quận 1",
        "longitude": 106.7047728,
        "latitude": 10.7801835,
        "street_count": 1,
        "highway": null,
        "ref": null
      },
      "geometry": {
        "type": "Point",
        "coordinates": [
          106.7047728,
          10.7801835
        ]
      }
    },
    {
      "type": "Feature",
      "id": "q1-intersection-0245",
      "properties": {
        "source_feature_index": 245,
        "source_relation_id": "19260504",
        "district_id": 1,
        "district_name": "Quận 1",
        "longitude": 106.7063642,
        "latitude": 10.7820352,
        "street_count": 3,
        "highway": null,
        "ref": null
      },
      "geometry": {
        "type": "Point",
        "coordinates": [
          106.7063642,
          10.7820352
        ]
      }
    },
    {
      "type": "Feature",
      "id": "q1-intersection-0246",
      "properties": {
        "source_feature_index": 246,
        "source_relation_id": "19260504",
        "district_id": 1,
        "district_name": "Quận 1",
        "longitude": 106.6987827,
        "latitude": 10.783793,
        "street_count": 3,
        "highway": null,
        "ref": null
      },
      "geometry": {
        "type": "Point",
        "coordinates": [
          106.6987827,
          10.783793
        ]
      }
    },
    {
      "type": "Feature",
      "id": "q1-intersection-0247",
      "properties": {
        "source_feature_index": 247,
        "source_relation_id": "19260504",
        "district_id": 1,
        "district_name": "Quận 1",
        "longitude": 106.6987886,
        "latitude": 10.7836123,
        "street_count": 3,
        "highway": null,
        "ref": null
      },
      "geometry": {
        "type": "Point",
        "coordinates": [
          106.6987886,
          10.7836123
        ]
      }
    },
    {
      "type": "Feature",
      "id": "q1-intersection-0248",
      "properties": {
        "source_feature_index": 248,
        "source_relation_id": "19260504",
        "district_id": 1,
        "district_name": "Quận 1",
        "longitude": 106.7059614,
        "latitude": 10.7813708,
        "street_count": 2,
        "highway": null,
        "ref": null
      },
      "geometry": {
        "type": "Point",
        "coordinates": [
          106.7059614,
          10.7813708
        ]
      }
    },
    {
      "type": "Feature",
      "id": "q1-intersection-0249",
      "properties": {
        "source_feature_index": 249,
        "source_relation_id": "19260504",
        "district_id": 1,
        "district_name": "Quận 1",
        "longitude": 106.7031283,
        "latitude": 10.788173,
        "street_count": 3,
        "highway": null,
        "ref": null
      },
      "geometry": {
        "type": "Point",
        "coordinates": [
          106.7031283,
          10.788173
        ]
      }
    },
    {
      "type": "Feature",
      "id": "q1-intersection-0250",
      "properties": {
        "source_feature_index": 250,
        "source_relation_id": "19260504",
        "district_id": 1,
        "district_name": "Quận 1",
        "longitude": 106.70399,
        "latitude": 10.7862349,
        "street_count": 3,
        "highway": null,
        "ref": null
      },
      "geometry": {
        "type": "Point",
        "coordinates": [
          106.70399,
          10.7862349
        ]
      }
    },
    {
      "type": "Feature",
      "id": "q1-intersection-0251",
      "properties": {
        "source_feature_index": 251,
        "source_relation_id": "19260504",
        "district_id": 1,
        "district_name": "Quận 1",
        "longitude": 106.7040512,
        "latitude": 10.7861785,
        "street_count": 3,
        "highway": null,
        "ref": null
      },
      "geometry": {
        "type": "Point",
        "coordinates": [
          106.7040512,
          10.7861785
        ]
      }
    },
    {
      "type": "Feature",
      "id": "q1-intersection-0252",
      "properties": {
        "source_feature_index": 252,
        "source_relation_id": "19260504",
        "district_id": 1,
        "district_name": "Quận 1",
        "longitude": 106.6995731,
        "latitude": 10.7815337,
        "street_count": 4,
        "highway": null,
        "ref": null
      },
      "geometry": {
        "type": "Point",
        "coordinates": [
          106.6995731,
          10.7815337
        ]
      }
    },
    {
      "type": "Feature",
      "id": "q1-intersection-0253",
      "properties": {
        "source_feature_index": 253,
        "source_relation_id": "19260504",
        "district_id": 1,
        "district_name": "Quận 1",
        "longitude": 106.6990055,
        "latitude": 10.7809094,
        "street_count": 3,
        "highway": null,
        "ref": null
      },
      "geometry": {
        "type": "Point",
        "coordinates": [
          106.6990055,
          10.7809094
        ]
      }
    },
    {
      "type": "Feature",
      "id": "q1-intersection-0254",
      "properties": {
        "source_feature_index": 254,
        "source_relation_id": "19260504",
        "district_id": 1,
        "district_name": "Quận 1",
        "longitude": 106.6990668,
        "latitude": 10.7808551,
        "street_count": 3,
        "highway": null,
        "ref": null
      },
      "geometry": {
        "type": "Point",
        "coordinates": [
          106.6990668,
          10.7808551
        ]
      }
    },
    {
      "type": "Feature",
      "id": "q1-intersection-0255",
      "properties": {
        "source_feature_index": 255,
        "source_relation_id": "19260504",
        "district_id": 1,
        "district_name": "Quận 1",
        "longitude": 106.7030685,
        "latitude": 10.7851309,
        "street_count": 4,
        "highway": null,
        "ref": null
      },
      "geometry": {
        "type": "Point",
        "coordinates": [
          106.7030685,
          10.7851309
        ]
      }
    },
    {
      "type": "Feature",
      "id": "q1-intersection-0256",
      "properties": {
        "source_feature_index": 256,
        "source_relation_id": "19260504",
        "district_id": 1,
        "district_name": "Quận 1",
        "longitude": 106.7030012,
        "latitude": 10.7851975,
        "street_count": 4,
        "highway": null,
        "ref": null
      },
      "geometry": {
        "type": "Point",
        "coordinates": [
          106.7030012,
          10.7851975
        ]
      }
    },
    {
      "type": "Feature",
      "id": "q1-intersection-0257",
      "properties": {
        "source_feature_index": 257,
        "source_relation_id": "19260504",
        "district_id": 1,
        "district_name": "Quận 1",
        "longitude": 106.7011503,
        "latitude": 10.7832096,
        "street_count": 4,
        "highway": null,
        "ref": null
      },
      "geometry": {
        "type": "Point",
        "coordinates": [
          106.7011503,
          10.7832096
        ]
      }
    },
    {
      "type": "Feature",
      "id": "q1-intersection-0258",
      "properties": {
        "source_feature_index": 258,
        "source_relation_id": "19260504",
        "district_id": 1,
        "district_name": "Quận 1",
        "longitude": 106.6992435,
        "latitude": 10.7811691,
        "street_count": 3,
        "highway": null,
        "ref": null
      },
      "geometry": {
        "type": "Point",
        "coordinates": [
          106.6992435,
          10.7811691
        ]
      }
    },
    {
      "type": "Feature",
      "id": "q1-intersection-0259",
      "properties": {
        "source_feature_index": 259,
        "source_relation_id": "19260504",
        "district_id": 1,
        "district_name": "Quận 1",
        "longitude": 106.6993049,
        "latitude": 10.7811132,
        "street_count": 3,
        "highway": null,
        "ref": null
      },
      "geometry": {
        "type": "Point",
        "coordinates": [
          106.6993049,
          10.7811132
        ]
      }
    },
    {
      "type": "Feature",
      "id": "q1-intersection-0260",
      "properties": {
        "source_feature_index": 260,
        "source_relation_id": "19260504",
        "district_id": 1,
        "district_name": "Quận 1",
        "longitude": 106.7000549,
        "latitude": 10.7820592,
        "street_count": 3,
        "highway": null,
        "ref": null
      },
      "geometry": {
        "type": "Point",
        "coordinates": [
          106.7000549,
          10.7820592
        ]
      }
    },
    {
      "type": "Feature",
      "id": "q1-intersection-0261",
      "properties": {
        "source_feature_index": 261,
        "source_relation_id": "19260504",
        "district_id": 1,
        "district_name": "Quận 1",
        "longitude": 106.7003807,
        "latitude": 10.782409,
        "street_count": 3,
        "highway": null,
        "ref": null
      },
      "geometry": {
        "type": "Point",
        "coordinates": [
          106.7003807,
          10.782409
        ]
      }
    },
    {
      "type": "Feature",
      "id": "q1-intersection-0262",
      "properties": {
        "source_feature_index": 262,
        "source_relation_id": "19260504",
        "district_id": 1,
        "district_name": "Quận 1",
        "longitude": 106.7007563,
        "latitude": 10.7827885,
        "street_count": 3,
        "highway": null,
        "ref": null
      },
      "geometry": {
        "type": "Point",
        "coordinates": [
          106.7007563,
          10.7827885
        ]
      }
    },
    {
      "type": "Feature",
      "id": "q1-intersection-0263",
      "properties": {
        "source_feature_index": 263,
        "source_relation_id": "19260504",
        "district_id": 1,
        "district_name": "Quận 1",
        "longitude": 106.700811,
        "latitude": 10.7827374,
        "street_count": 3,
        "highway": null,
        "ref": null
      },
      "geometry": {
        "type": "Point",
        "coordinates": [
          106.700811,
          10.7827374
        ]
      }
    },
    {
      "type": "Feature",
      "id": "q1-intersection-0264",
      "properties": {
        "source_feature_index": 264,
        "source_relation_id": "19260504",
        "district_id": 1,
        "district_name": "Quận 1",
        "longitude": 106.7030967,
        "latitude": 10.7852943,
        "street_count": 4,
        "highway": null,
        "ref": null
      },
      "geometry": {
        "type": "Point",
        "coordinates": [
          106.7030967,
          10.7852943
        ]
      }
    },
    {
      "type": "Feature",
      "id": "q1-intersection-0265",
      "properties": {
        "source_feature_index": 265,
        "source_relation_id": "19260504",
        "district_id": 1,
        "district_name": "Quận 1",
        "longitude": 106.7050468,
        "latitude": 10.7742525,
        "street_count": 3,
        "highway": null,
        "ref": null
      },
      "geometry": {
        "type": "Point",
        "coordinates": [
          106.7050468,
          10.7742525
        ]
      }
    },
    {
      "type": "Feature",
      "id": "q1-intersection-0266",
      "properties": {
        "source_feature_index": 266,
        "source_relation_id": "19260504",
        "district_id": 1,
        "district_name": "Quận 1",
        "longitude": 106.7066557,
        "latitude": 10.7831596,
        "street_count": 3,
        "highway": null,
        "ref": null
      },
      "geometry": {
        "type": "Point",
        "coordinates": [
          106.7066557,
          10.7831596
        ]
      }
    },
    {
      "type": "Feature",
      "id": "q1-intersection-0267",
      "properties": {
        "source_feature_index": 267,
        "source_relation_id": "19260504",
        "district_id": 1,
        "district_name": "Quận 1",
        "longitude": 106.7068472,
        "latitude": 10.7832668,
        "street_count": 3,
        "highway": null,
        "ref": null
      },
      "geometry": {
        "type": "Point",
        "coordinates": [
          106.7068472,
          10.7832668
        ]
      }
    },
    {
      "type": "Feature",
      "id": "q1-intersection-0268",
      "properties": {
        "source_feature_index": 268,
        "source_relation_id": "19260504",
        "district_id": 1,
        "district_name": "Quận 1",
        "longitude": 106.7078854,
        "latitude": 10.7842541,
        "street_count": 3,
        "highway": null,
        "ref": null
      },
      "geometry": {
        "type": "Point",
        "coordinates": [
          106.7078854,
          10.7842541
        ]
      }
    },
    {
      "type": "Feature",
      "id": "q1-intersection-0269",
      "properties": {
        "source_feature_index": 269,
        "source_relation_id": "19260504",
        "district_id": 1,
        "district_name": "Quận 1",
        "longitude": 106.7081979,
        "latitude": 10.7846174,
        "street_count": 3,
        "highway": null,
        "ref": null
      },
      "geometry": {
        "type": "Point",
        "coordinates": [
          106.7081979,
          10.7846174
        ]
      }
    },
    {
      "type": "Feature",
      "id": "q1-intersection-0270",
      "properties": {
        "source_feature_index": 270,
        "source_relation_id": "19260504",
        "district_id": 1,
        "district_name": "Quận 1",
        "longitude": 106.7025516,
        "latitude": 10.7876598,
        "street_count": 3,
        "highway": null,
        "ref": null
      },
      "geometry": {
        "type": "Point",
        "coordinates": [
          106.7025516,
          10.7876598
        ]
      }
    },
    {
      "type": "Feature",
      "id": "q1-intersection-0271",
      "properties": {
        "source_feature_index": 271,
        "source_relation_id": "19260504",
        "district_id": 1,
        "district_name": "Quận 1",
        "longitude": 106.7021947,
        "latitude": 10.7872823,
        "street_count": 3,
        "highway": null,
        "ref": null
      },
      "geometry": {
        "type": "Point",
        "coordinates": [
          106.7021947,
          10.7872823
        ]
      }
    },
    {
      "type": "Feature",
      "id": "q1-intersection-0272",
      "properties": {
        "source_feature_index": 272,
        "source_relation_id": "19260504",
        "district_id": 1,
        "district_name": "Quận 1",
        "longitude": 106.7039333,
        "latitude": 10.7845033,
        "street_count": 3,
        "highway": null,
        "ref": null
      },
      "geometry": {
        "type": "Point",
        "coordinates": [
          106.7039333,
          10.7845033
        ]
      }
    },
    {
      "type": "Feature",
      "id": "q1-intersection-0273",
      "properties": {
        "source_feature_index": 273,
        "source_relation_id": "19260504",
        "district_id": 1,
        "district_name": "Quận 1",
        "longitude": 106.7038502,
        "latitude": 10.78441,
        "street_count": 3,
        "highway": null,
        "ref": null
      },
      "geometry": {
        "type": "Point",
        "coordinates": [
          106.7038502,
          10.78441
        ]
      }
    },
    {
      "type": "Feature",
      "id": "q1-intersection-0274",
      "properties": {
        "source_feature_index": 274,
        "source_relation_id": "19260504",
        "district_id": 1,
        "district_name": "Quận 1",
        "longitude": 106.7048614,
        "latitude": 10.787102,
        "street_count": 3,
        "highway": null,
        "ref": null
      },
      "geometry": {
        "type": "Point",
        "coordinates": [
          106.7048614,
          10.787102
        ]
      }
    },
    {
      "type": "Feature",
      "id": "q1-intersection-0275",
      "properties": {
        "source_feature_index": 275,
        "source_relation_id": "19260504",
        "district_id": 1,
        "district_name": "Quận 1",
        "longitude": 106.7037452,
        "latitude": 10.7917894,
        "street_count": 3,
        "highway": null,
        "ref": null
      },
      "geometry": {
        "type": "Point",
        "coordinates": [
          106.7037452,
          10.7917894
        ]
      }
    },
    {
      "type": "Feature",
      "id": "q1-intersection-0276",
      "properties": {
        "source_feature_index": 276,
        "source_relation_id": "19260504",
        "district_id": 1,
        "district_name": "Quận 1",
        "longitude": 106.7037025,
        "latitude": 10.7916295,
        "street_count": 3,
        "highway": null,
        "ref": null
      },
      "geometry": {
        "type": "Point",
        "coordinates": [
          106.7037025,
          10.7916295
        ]
      }
    },
    {
      "type": "Feature",
      "id": "q1-intersection-0277",
      "properties": {
        "source_feature_index": 277,
        "source_relation_id": "19260504",
        "district_id": 1,
        "district_name": "Quận 1",
        "longitude": 106.7040231,
        "latitude": 10.7917285,
        "street_count": 3,
        "highway": null,
        "ref": null
      },
      "geometry": {
        "type": "Point",
        "coordinates": [
          106.7040231,
          10.7917285
        ]
      }
    },
    {
      "type": "Feature",
      "id": "q1-intersection-0278",
      "properties": {
        "source_feature_index": 278,
        "source_relation_id": "19260504",
        "district_id": 1,
        "district_name": "Quận 1",
        "longitude": 106.7039817,
        "latitude": 10.7915795,
        "street_count": 3,
        "highway": null,
        "ref": null
      },
      "geometry": {
        "type": "Point",
        "coordinates": [
          106.7039817,
          10.7915795
        ]
      }
    },
    {
      "type": "Feature",
      "id": "q1-intersection-0279",
      "properties": {
        "source_feature_index": 279,
        "source_relation_id": "19260504",
        "district_id": 1,
        "district_name": "Quận 1",
        "longitude": 106.7008622,
        "latitude": 10.7827922,
        "street_count": 3,
        "highway": null,
        "ref": null
      },
      "geometry": {
        "type": "Point",
        "coordinates": [
          106.7008622,
          10.7827922
        ]
      }
    },
    {
      "type": "Feature",
      "id": "q1-intersection-0280",
      "properties": {
        "source_feature_index": 280,
        "source_relation_id": "19260504",
        "district_id": 1,
        "district_name": "Quận 1",
        "longitude": 106.7008098,
        "latitude": 10.7828443,
        "street_count": 3,
        "highway": null,
        "ref": null
      },
      "geometry": {
        "type": "Point",
        "coordinates": [
          106.7008098,
          10.7828443
        ]
      }
    },
    {
      "type": "Feature",
      "id": "q1-intersection-0281",
      "properties": {
        "source_feature_index": 281,
        "source_relation_id": "19260504",
        "district_id": 1,
        "district_name": "Quận 1",
        "longitude": 106.6985561,
        "latitude": 10.7803752,
        "street_count": 3,
        "highway": null,
        "ref": null
      },
      "geometry": {
        "type": "Point",
        "coordinates": [
          106.6985561,
          10.7803752
        ]
      }
    },
    {
      "type": "Feature",
      "id": "q1-intersection-0282",
      "properties": {
        "source_feature_index": 282,
        "source_relation_id": "19260504",
        "district_id": 1,
        "district_name": "Quận 1",
        "longitude": 106.6988612,
        "latitude": 10.7806384,
        "street_count": 3,
        "highway": null,
        "ref": null
      },
      "geometry": {
        "type": "Point",
        "coordinates": [
          106.6988612,
          10.7806384
        ]
      }
    },
    {
      "type": "Feature",
      "id": "q1-intersection-0283",
      "properties": {
        "source_feature_index": 283,
        "source_relation_id": "19260504",
        "district_id": 1,
        "district_name": "Quận 1",
        "longitude": 106.6990912,
        "latitude": 10.7839445,
        "street_count": 3,
        "highway": null,
        "ref": null
      },
      "geometry": {
        "type": "Point",
        "coordinates": [
          106.6990912,
          10.7839445
        ]
      }
    },
    {
      "type": "Feature",
      "id": "q1-intersection-0284",
      "properties": {
        "source_feature_index": 284,
        "source_relation_id": "19260504",
        "district_id": 1,
        "district_name": "Quận 1",
        "longitude": 106.6984256,
        "latitude": 10.7799834,
        "street_count": 3,
        "highway": null,
        "ref": null
      },
      "geometry": {
        "type": "Point",
        "coordinates": [
          106.6984256,
          10.7799834
        ]
      }
    },
    {
      "type": "Feature",
      "id": "q1-intersection-0285",
      "properties": {
        "source_feature_index": 285,
        "source_relation_id": "19260504",
        "district_id": 1,
        "district_name": "Quận 1",
        "longitude": 106.698205,
        "latitude": 10.7800142,
        "street_count": 3,
        "highway": null,
        "ref": null
      },
      "geometry": {
        "type": "Point",
        "coordinates": [
          106.698205,
          10.7800142
        ]
      }
    },
    {
      "type": "Feature",
      "id": "q1-intersection-0286",
      "properties": {
        "source_feature_index": 286,
        "source_relation_id": "19260504",
        "district_id": 1,
        "district_name": "Quận 1",
        "longitude": 106.7043045,
        "latitude": 10.7711125,
        "street_count": 3,
        "highway": null,
        "ref": null
      },
      "geometry": {
        "type": "Point",
        "coordinates": [
          106.7043045,
          10.7711125
        ]
      }
    },
    {
      "type": "Feature",
      "id": "q1-intersection-0287",
      "properties": {
        "source_feature_index": 287,
        "source_relation_id": "19260504",
        "district_id": 1,
        "district_name": "Quận 1",
        "longitude": 106.7015969,
        "latitude": 10.7865751,
        "street_count": 3,
        "highway": null,
        "ref": null
      },
      "geometry": {
        "type": "Point",
        "coordinates": [
          106.7015969,
          10.7865751
        ]
      }
    },
    {
      "type": "Feature",
      "id": "q1-intersection-0288",
      "properties": {
        "source_feature_index": 288,
        "source_relation_id": "19260504",
        "district_id": 1,
        "district_name": "Quận 1",
        "longitude": 106.701946,
        "latitude": 10.7862715,
        "street_count": 3,
        "highway": null,
        "ref": null
      },
      "geometry": {
        "type": "Point",
        "coordinates": [
          106.701946,
          10.7862715
        ]
      }
    },
    {
      "type": "Feature",
      "id": "q1-intersection-0289",
      "properties": {
        "source_feature_index": 289,
        "source_relation_id": "19260504",
        "district_id": 1,
        "district_name": "Quận 1",
        "longitude": 106.7074111,
        "latitude": 10.7814915,
        "street_count": 3,
        "highway": null,
        "ref": null
      },
      "geometry": {
        "type": "Point",
        "coordinates": [
          106.7074111,
          10.7814915
        ]
      }
    },
    {
      "type": "Feature",
      "id": "q1-intersection-0290",
      "properties": {
        "source_feature_index": 290,
        "source_relation_id": "19260504",
        "district_id": 1,
        "district_name": "Quận 1",
        "longitude": 106.7071493,
        "latitude": 10.781733,
        "street_count": 3,
        "highway": null,
        "ref": null
      },
      "geometry": {
        "type": "Point",
        "coordinates": [
          106.7071493,
          10.781733
        ]
      }
    },
    {
      "type": "Feature",
      "id": "q3-intersection-0291",
      "properties": {
        "source_feature_index": 291,
        "source_relation_id": "19260546",
        "district_id": 3,
        "district_name": "Quận 3",
        "longitude": 106.6883239,
        "latitude": 10.7874184,
        "street_count": 4,
        "highway": null,
        "ref": null
      },
      "geometry": {
        "type": "Point",
        "coordinates": [
          106.6883239,
          10.7874184
        ]
      }
    },
    {
      "type": "Feature",
      "id": "q3-intersection-0292",
      "properties": {
        "source_feature_index": 292,
        "source_relation_id": "19260546",
        "district_id": 3,
        "district_name": "Quận 3",
        "longitude": 106.6865528,
        "latitude": 10.778537,
        "street_count": 3,
        "highway": null,
        "ref": null
      },
      "geometry": {
        "type": "Point",
        "coordinates": [
          106.6865528,
          10.778537
        ]
      }
    },
    {
      "type": "Feature",
      "id": "q3-intersection-0293",
      "properties": {
        "source_feature_index": 293,
        "source_relation_id": "19260546",
        "district_id": 3,
        "district_name": "Quận 3",
        "longitude": 106.6860728,
        "latitude": 10.7789815,
        "street_count": 4,
        "highway": null,
        "ref": null
      },
      "geometry": {
        "type": "Point",
        "coordinates": [
          106.6860728,
          10.7789815
        ]
      }
    },
    {
      "type": "Feature",
      "id": "q3-intersection-0294",
      "properties": {
        "source_feature_index": 294,
        "source_relation_id": "19260546",
        "district_id": 3,
        "district_name": "Quận 3",
        "longitude": 106.6884139,
        "latitude": 10.7907006,
        "street_count": 3,
        "highway": null,
        "ref": null
      },
      "geometry": {
        "type": "Point",
        "coordinates": [
          106.6884139,
          10.7907006
        ]
      }
    },
    {
      "type": "Feature",
      "id": "q3-intersection-0295",
      "properties": {
        "source_feature_index": 295,
        "source_relation_id": "19260546",
        "district_id": 3,
        "district_name": "Quận 3",
        "longitude": 106.695672,
        "latitude": 10.7823428,
        "street_count": 3,
        "highway": null,
        "ref": null
      },
      "geometry": {
        "type": "Point",
        "coordinates": [
          106.695672,
          10.7823428
        ]
      }
    },
    {
      "type": "Feature",
      "id": "q3-intersection-0296",
      "properties": {
        "source_feature_index": 296,
        "source_relation_id": "19260546",
        "district_id": 3,
        "district_name": "Quận 3",
        "longitude": 106.6911219,
        "latitude": 10.7885505,
        "street_count": 3,
        "highway": null,
        "ref": null
      },
      "geometry": {
        "type": "Point",
        "coordinates": [
          106.6911219,
          10.7885505
        ]
      }
    },
    {
      "type": "Feature",
      "id": "q3-intersection-0297",
      "properties": {
        "source_feature_index": 297,
        "source_relation_id": "19260546",
        "district_id": 3,
        "district_name": "Quận 3",
        "longitude": 106.690781,
        "latitude": 10.778205,
        "street_count": 1,
        "highway": null,
        "ref": null
      },
      "geometry": {
        "type": "Point",
        "coordinates": [
          106.690781,
          10.778205
        ]
      }
    },
    {
      "type": "Feature",
      "id": "q3-intersection-0298",
      "properties": {
        "source_feature_index": 298,
        "source_relation_id": "19260546",
        "district_id": 3,
        "district_name": "Quận 3",
        "longitude": 106.6913317,
        "latitude": 10.7777162,
        "street_count": 3,
        "highway": null,
        "ref": null
      },
      "geometry": {
        "type": "Point",
        "coordinates": [
          106.6913317,
          10.7777162
        ]
      }
    },
    {
      "type": "Feature",
      "id": "q3-intersection-0299",
      "properties": {
        "source_feature_index": 299,
        "source_relation_id": "19260546",
        "district_id": 3,
        "district_name": "Quận 3",
        "longitude": 106.6940453,
        "latitude": 10.7843752,
        "street_count": 3,
        "highway": null,
        "ref": null
      },
      "geometry": {
        "type": "Point",
        "coordinates": [
          106.6940453,
          10.7843752
        ]
      }
    },
    {
      "type": "Feature",
      "id": "q3-intersection-0300",
      "properties": {
        "source_feature_index": 300,
        "source_relation_id": "19260546",
        "district_id": 3,
        "district_name": "Quận 3",
        "longitude": 106.6919092,
        "latitude": 10.782993,
        "street_count": 1,
        "highway": null,
        "ref": null
      },
      "geometry": {
        "type": "Point",
        "coordinates": [
          106.6919092,
          10.782993
        ]
      }
    },
    {
      "type": "Feature",
      "id": "q3-intersection-0301",
      "properties": {
        "source_feature_index": 301,
        "source_relation_id": "19260546",
        "district_id": 3,
        "district_name": "Quận 3",
        "longitude": 106.6923323,
        "latitude": 10.783741,
        "street_count": 3,
        "highway": null,
        "ref": null
      },
      "geometry": {
        "type": "Point",
        "coordinates": [
          106.6923323,
          10.783741
        ]
      }
    },
    {
      "type": "Feature",
      "id": "q3-intersection-0302",
      "properties": {
        "source_feature_index": 302,
        "source_relation_id": "19260546",
        "district_id": 3,
        "district_name": "Quận 3",
        "longitude": 106.6919548,
        "latitude": 10.7833233,
        "street_count": 1,
        "highway": null,
        "ref": null
      },
      "geometry": {
        "type": "Point",
        "coordinates": [
          106.6919548,
          10.7833233
        ]
      }
    },
    {
      "type": "Feature",
      "id": "q3-intersection-0303",
      "properties": {
        "source_feature_index": 303,
        "source_relation_id": "19260546",
        "district_id": 3,
        "district_name": "Quận 3",
        "longitude": 106.691294,
        "latitude": 10.7829847,
        "street_count": 3,
        "highway": null,
        "ref": null
      },
      "geometry": {
        "type": "Point",
        "coordinates": [
          106.691294,
          10.7829847
        ]
      }
    },
    {
      "type": "Feature",
      "id": "q3-intersection-0304",
      "properties": {
        "source_feature_index": 304,
        "source_relation_id": "19260546",
        "district_id": 3,
        "district_name": "Quận 3",
        "longitude": 106.6916398,
        "latitude": 10.7833338,
        "street_count": 1,
        "highway": null,
        "ref": null
      },
      "geometry": {
        "type": "Point",
        "coordinates": [
          106.6916398,
          10.7833338
        ]
      }
    },
    {
      "type": "Feature",
      "id": "q3-intersection-0305",
      "properties": {
        "source_feature_index": 305,
        "source_relation_id": "19260546",
        "district_id": 3,
        "district_name": "Quận 3",
        "longitude": 106.6895501,
        "latitude": 10.7802238,
        "street_count": 4,
        "highway": null,
        "ref": null
      },
      "geometry": {
        "type": "Point",
        "coordinates": [
          106.6895501,
          10.7802238
        ]
      }
    },
    {
      "type": "Feature",
      "id": "q3-intersection-0306",
      "properties": {
        "source_feature_index": 306,
        "source_relation_id": "19260546",
        "district_id": 3,
        "district_name": "Quận 3",
        "longitude": 106.693367,
        "latitude": 10.783497,
        "street_count": 1,
        "highway": null,
        "ref": null
      },
      "geometry": {
        "type": "Point",
        "coordinates": [
          106.693367,
          10.783497
        ]
      }
    },
    {
      "type": "Feature",
      "id": "q3-intersection-0307",
      "properties": {
        "source_feature_index": 307,
        "source_relation_id": "19260546",
        "district_id": 3,
        "district_name": "Quận 3",
        "longitude": 106.693016,
        "latitude": 10.78312,
        "street_count": 3,
        "highway": null,
        "ref": null
      },
      "geometry": {
        "type": "Point",
        "coordinates": [
          106.693016,
          10.78312
        ]
      }
    },
    {
      "type": "Feature",
      "id": "q3-intersection-0308",
      "properties": {
        "source_feature_index": 308,
        "source_relation_id": "19260546",
        "district_id": 3,
        "district_name": "Quận 3",
        "longitude": 106.687907,
        "latitude": 10.7761492,
        "street_count": 3,
        "highway": null,
        "ref": null
      },
      "geometry": {
        "type": "Point",
        "coordinates": [
          106.687907,
          10.7761492
        ]
      }
    },
    {
      "type": "Feature",
      "id": "q3-intersection-0309",
      "properties": {
        "source_feature_index": 309,
        "source_relation_id": "19260546",
        "district_id": 3,
        "district_name": "Quận 3",
        "longitude": 106.6831766,
        "latitude": 10.7776034,
        "street_count": 3,
        "highway": null,
        "ref": null
      },
      "geometry": {
        "type": "Point",
        "coordinates": [
          106.6831766,
          10.7776034
        ]
      }
    },
    {
      "type": "Feature",
      "id": "q3-intersection-0310",
      "properties": {
        "source_feature_index": 310,
        "source_relation_id": "19260546",
        "district_id": 3,
        "district_name": "Quận 3",
        "longitude": 106.6838744,
        "latitude": 10.7768944,
        "street_count": 3,
        "highway": null,
        "ref": null
      },
      "geometry": {
        "type": "Point",
        "coordinates": [
          106.6838744,
          10.7768944
        ]
      }
    },
    {
      "type": "Feature",
      "id": "q3-intersection-0311",
      "properties": {
        "source_feature_index": 311,
        "source_relation_id": "19260546",
        "district_id": 3,
        "district_name": "Quận 3",
        "longitude": 106.6863082,
        "latitude": 10.7831971,
        "street_count": 3,
        "highway": null,
        "ref": null
      },
      "geometry": {
        "type": "Point",
        "coordinates": [
          106.6863082,
          10.7831971
        ]
      }
    },
    {
      "type": "Feature",
      "id": "q3-intersection-0312",
      "properties": {
        "source_feature_index": 312,
        "source_relation_id": "19260546",
        "district_id": 3,
        "district_name": "Quận 3",
        "longitude": 106.6915611,
        "latitude": 10.7874943,
        "street_count": 3,
        "highway": null,
        "ref": null
      },
      "geometry": {
        "type": "Point",
        "coordinates": [
          106.6915611,
          10.7874943
        ]
      }
    },
    {
      "type": "Feature",
      "id": "q3-intersection-0313",
      "properties": {
        "source_feature_index": 313,
        "source_relation_id": "19260546",
        "district_id": 3,
        "district_name": "Quận 3",
        "longitude": 106.6866075,
        "latitude": 10.7833377,
        "street_count": 3,
        "highway": null,
        "ref": null
      },
      "geometry": {
        "type": "Point",
        "coordinates": [
          106.6866075,
          10.7833377
        ]
      }
    },
    {
      "type": "Feature",
      "id": "q3-intersection-0314",
      "properties": {
        "source_feature_index": 314,
        "source_relation_id": "19260546",
        "district_id": 3,
        "district_name": "Quận 3",
        "longitude": 106.6893182,
        "latitude": 10.7899798,
        "street_count": 3,
        "highway": null,
        "ref": null
      },
      "geometry": {
        "type": "Point",
        "coordinates": [
          106.6893182,
          10.7899798
        ]
      }
    },
    {
      "type": "Feature",
      "id": "q3-intersection-0315",
      "properties": {
        "source_feature_index": 315,
        "source_relation_id": "19260546",
        "district_id": 3,
        "district_name": "Quận 3",
        "longitude": 106.6962441,
        "latitude": 10.7823656,
        "street_count": 3,
        "highway": null,
        "ref": null
      },
      "geometry": {
        "type": "Point",
        "coordinates": [
          106.6962441,
          10.7823656
        ]
      }
    },
    {
      "type": "Feature",
      "id": "q3-intersection-0316",
      "properties": {
        "source_feature_index": 316,
        "source_relation_id": "19260546",
        "district_id": 3,
        "district_name": "Quận 3",
        "longitude": 106.6929296,
        "latitude": 10.7793943,
        "street_count": 4,
        "highway": null,
        "ref": null
      },
      "geometry": {
        "type": "Point",
        "coordinates": [
          106.6929296,
          10.7793943
        ]
      }
    },
    {
      "type": "Feature",
      "id": "q3-intersection-0317",
      "properties": {
        "source_feature_index": 317,
        "source_relation_id": "19260546",
        "district_id": 3,
        "district_name": "Quận 3",
        "longitude": 106.6869866,
        "latitude": 10.7759463,
        "street_count": 3,
        "highway": null,
        "ref": null
      },
      "geometry": {
        "type": "Point",
        "coordinates": [
          106.6869866,
          10.7759463
        ]
      }
    },
    {
      "type": "Feature",
      "id": "q3-intersection-0318",
      "properties": {
        "source_feature_index": 318,
        "source_relation_id": "19260546",
        "district_id": 3,
        "district_name": "Quận 3",
        "longitude": 106.6819378,
        "latitude": 10.7776602,
        "street_count": 3,
        "highway": null,
        "ref": null
      },
      "geometry": {
        "type": "Point",
        "coordinates": [
          106.6819378,
          10.7776602
        ]
      }
    },
    {
      "type": "Feature",
      "id": "q3-intersection-0319",
      "properties": {
        "source_feature_index": 319,
        "source_relation_id": "19260546",
        "district_id": 3,
        "district_name": "Quận 3",
        "longitude": 106.6911313,
        "latitude": 10.7870592,
        "street_count": 3,
        "highway": "traffic_signals",
        "ref": null
      },
      "geometry": {
        "type": "Point",
        "coordinates": [
          106.6911313,
          10.7870592
        ]
      }
    },
    {
      "type": "Feature",
      "id": "q3-intersection-0320",
      "properties": {
        "source_feature_index": 320,
        "source_relation_id": "19260546",
        "district_id": 3,
        "district_name": "Quận 3",
        "longitude": 106.6816069,
        "latitude": 10.7857931,
        "street_count": 4,
        "highway": null,
        "ref": null
      },
      "geometry": {
        "type": "Point",
        "coordinates": [
          106.6816069,
          10.7857931
        ]
      }
    },
    {
      "type": "Feature",
      "id": "q3-intersection-0321",
      "properties": {
        "source_feature_index": 321,
        "source_relation_id": "19260546",
        "district_id": 3,
        "district_name": "Quận 3",
        "longitude": 106.6825298,
        "latitude": 10.7913978,
        "street_count": 3,
        "highway": null,
        "ref": null
      },
      "geometry": {
        "type": "Point",
        "coordinates": [
          106.6825298,
          10.7913978
        ]
      }
    },
    {
      "type": "Feature",
      "id": "q3-intersection-0322",
      "properties": {
        "source_feature_index": 322,
        "source_relation_id": "19260546",
        "district_id": 3,
        "district_name": "Quận 3",
        "longitude": 106.6887654,
        "latitude": 10.7882102,
        "street_count": 3,
        "highway": null,
        "ref": null
      },
      "geometry": {
        "type": "Point",
        "coordinates": [
          106.6887654,
          10.7882102
        ]
      }
    },
    {
      "type": "Feature",
      "id": "q3-intersection-0323",
      "properties": {
        "source_feature_index": 323,
        "source_relation_id": "19260546",
        "district_id": 3,
        "district_name": "Quận 3",
        "longitude": 106.6826419,
        "latitude": 10.7898736,
        "street_count": 1,
        "highway": null,
        "ref": null
      },
      "geometry": {
        "type": "Point",
        "coordinates": [
          106.6826419,
          10.7898736
        ]
      }
    },
    {
      "type": "Feature",
      "id": "q3-intersection-0324",
      "properties": {
        "source_feature_index": 324,
        "source_relation_id": "19260546",
        "district_id": 3,
        "district_name": "Quận 3",
        "longitude": 106.685571,
        "latitude": 10.7861229,
        "street_count": 3,
        "highway": null,
        "ref": null
      },
      "geometry": {
        "type": "Point",
        "coordinates": [
          106.685571,
          10.7861229
        ]
      }
    },
    {
      "type": "Feature",
      "id": "q3-intersection-0325",
      "properties": {
        "source_feature_index": 325,
        "source_relation_id": "19260546",
        "district_id": 3,
        "district_name": "Quận 3",
        "longitude": 106.683321,
        "latitude": 10.7917445,
        "street_count": 1,
        "highway": null,
        "ref": null
      },
      "geometry": {
        "type": "Point",
        "coordinates": [
          106.683321,
          10.7917445
        ]
      }
    },
    {
      "type": "Feature",
      "id": "q3-intersection-0326",
      "properties": {
        "source_feature_index": 326,
        "source_relation_id": "19260546",
        "district_id": 3,
        "district_name": "Quận 3",
        "longitude": 106.6846042,
        "latitude": 10.7900062,
        "street_count": 3,
        "highway": null,
        "ref": null
      },
      "geometry": {
        "type": "Point",
        "coordinates": [
          106.6846042,
          10.7900062
        ]
      }
    },
    {
      "type": "Feature",
      "id": "q3-intersection-0327",
      "properties": {
        "source_feature_index": 327,
        "source_relation_id": "19260546",
        "district_id": 3,
        "district_name": "Quận 3",
        "longitude": 106.684318,
        "latitude": 10.790286,
        "street_count": 3,
        "highway": null,
        "ref": null
      },
      "geometry": {
        "type": "Point",
        "coordinates": [
          106.684318,
          10.790286
        ]
      }
    },
    {
      "type": "Feature",
      "id": "q3-intersection-0328",
      "properties": {
        "source_feature_index": 328,
        "source_relation_id": "19260546",
        "district_id": 3,
        "district_name": "Quận 3",
        "longitude": 106.6844464,
        "latitude": 10.790416,
        "street_count": 3,
        "highway": null,
        "ref": null
      },
      "geometry": {
        "type": "Point",
        "coordinates": [
          106.6844464,
          10.790416
        ]
      }
    },
    {
      "type": "Feature",
      "id": "q3-intersection-0329",
      "properties": {
        "source_feature_index": 329,
        "source_relation_id": "19260546",
        "district_id": 3,
        "district_name": "Quận 3",
        "longitude": 106.6846055,
        "latitude": 10.7905822,
        "street_count": 3,
        "highway": null,
        "ref": null
      },
      "geometry": {
        "type": "Point",
        "coordinates": [
          106.6846055,
          10.7905822
        ]
      }
    },
    {
      "type": "Feature",
      "id": "q3-intersection-0330",
      "properties": {
        "source_feature_index": 330,
        "source_relation_id": "19260546",
        "district_id": 3,
        "district_name": "Quận 3",
        "longitude": 106.6863677,
        "latitude": 10.7902169,
        "street_count": 3,
        "highway": null,
        "ref": null
      },
      "geometry": {
        "type": "Point",
        "coordinates": [
          106.6863677,
          10.7902169
        ]
      }
    },
    {
      "type": "Feature",
      "id": "q3-intersection-0331",
      "properties": {
        "source_feature_index": 331,
        "source_relation_id": "19260546",
        "district_id": 3,
        "district_name": "Quận 3",
        "longitude": 106.6838795,
        "latitude": 10.7910212,
        "street_count": 3,
        "highway": null,
        "ref": null
      },
      "geometry": {
        "type": "Point",
        "coordinates": [
          106.6838795,
          10.7910212
        ]
      }
    },
    {
      "type": "Feature",
      "id": "q3-intersection-0332",
      "properties": {
        "source_feature_index": 332,
        "source_relation_id": "19260546",
        "district_id": 3,
        "district_name": "Quận 3",
        "longitude": 106.6837467,
        "latitude": 10.7908868,
        "street_count": 4,
        "highway": null,
        "ref": null
      },
      "geometry": {
        "type": "Point",
        "coordinates": [
          106.6837467,
          10.7908868
        ]
      }
    },
    {
      "type": "Feature",
      "id": "q3-intersection-0333",
      "properties": {
        "source_feature_index": 333,
        "source_relation_id": "19260546",
        "district_id": 3,
        "district_name": "Quận 3",
        "longitude": 106.6836072,
        "latitude": 10.7907393,
        "street_count": 3,
        "highway": null,
        "ref": null
      },
      "geometry": {
        "type": "Point",
        "coordinates": [
          106.6836072,
          10.7907393
        ]
      }
    },
    {
      "type": "Feature",
      "id": "q3-intersection-0334",
      "properties": {
        "source_feature_index": 334,
        "source_relation_id": "19260546",
        "district_id": 3,
        "district_name": "Quận 3",
        "longitude": 106.6833068,
        "latitude": 10.7904178,
        "street_count": 3,
        "highway": null,
        "ref": null
      },
      "geometry": {
        "type": "Point",
        "coordinates": [
          106.6833068,
          10.7904178
        ]
      }
    },
    {
      "type": "Feature",
      "id": "q3-intersection-0335",
      "properties": {
        "source_feature_index": 335,
        "source_relation_id": "19260546",
        "district_id": 3,
        "district_name": "Quận 3",
        "longitude": 106.6875255,
        "latitude": 10.7746832,
        "street_count": 4,
        "highway": null,
        "ref": null
      },
      "geometry": {
        "type": "Point",
        "coordinates": [
          106.6875255,
          10.7746832
        ]
      }
    },
    {
      "type": "Feature",
      "id": "q3-intersection-0336",
      "properties": {
        "source_feature_index": 336,
        "source_relation_id": "19260546",
        "district_id": 3,
        "district_name": "Quận 3",
        "longitude": 106.6828556,
        "latitude": 10.7908309,
        "street_count": 3,
        "highway": null,
        "ref": null
      },
      "geometry": {
        "type": "Point",
        "coordinates": [
          106.6828556,
          10.7908309
        ]
      }
    },
    {
      "type": "Feature",
      "id": "q3-intersection-0337",
      "properties": {
        "source_feature_index": 337,
        "source_relation_id": "19260546",
        "district_id": 3,
        "district_name": "Quận 3",
        "longitude": 106.6835716,
        "latitude": 10.7847198,
        "street_count": 3,
        "highway": null,
        "ref": null
      },
      "geometry": {
        "type": "Point",
        "coordinates": [
          106.6835716,
          10.7847198
        ]
      }
    },
    {
      "type": "Feature",
      "id": "q3-intersection-0338",
      "properties": {
        "source_feature_index": 338,
        "source_relation_id": "19260546",
        "district_id": 3,
        "district_name": "Quận 3",
        "longitude": 106.684305,
        "latitude": 10.790621,
        "street_count": 1,
        "highway": null,
        "ref": null
      },
      "geometry": {
        "type": "Point",
        "coordinates": [
          106.684305,
          10.790621
        ]
      }
    },
    {
      "type": "Feature",
      "id": "q3-intersection-0339",
      "properties": {
        "source_feature_index": 339,
        "source_relation_id": "19260546",
        "district_id": 3,
        "district_name": "Quận 3",
        "longitude": 106.688528,
        "latitude": 10.7893734,
        "street_count": 1,
        "highway": null,
        "ref": null
      },
      "geometry": {
        "type": "Point",
        "coordinates": [
          106.688528,
          10.7893734
        ]
      }
    },
    {
      "type": "Feature",
      "id": "q3-intersection-0340",
      "properties": {
        "source_feature_index": 340,
        "source_relation_id": "19260546",
        "district_id": 3,
        "district_name": "Quận 3",
        "longitude": 106.6890874,
        "latitude": 10.7901544,
        "street_count": 3,
        "highway": null,
        "ref": null
      },
      "geometry": {
        "type": "Point",
        "coordinates": [
          106.6890874,
          10.7901544
        ]
      }
    },
    {
      "type": "Feature",
      "id": "q3-intersection-0341",
      "properties": {
        "source_feature_index": 341,
        "source_relation_id": "19260546",
        "district_id": 3,
        "district_name": "Quận 3",
        "longitude": 106.6917672,
        "latitude": 10.7781848,
        "street_count": 3,
        "highway": null,
        "ref": null
      },
      "geometry": {
        "type": "Point",
        "coordinates": [
          106.6917672,
          10.7781848
        ]
      }
    },
    {
      "type": "Feature",
      "id": "q3-intersection-0342",
      "properties": {
        "source_feature_index": 342,
        "source_relation_id": "19260546",
        "district_id": 3,
        "district_name": "Quận 3",
        "longitude": 106.6830239,
        "latitude": 10.7849624,
        "street_count": 4,
        "highway": null,
        "ref": null
      },
      "geometry": {
        "type": "Point",
        "coordinates": [
          106.6830239,
          10.7849624
        ]
      }
    },
    {
      "type": "Feature",
      "id": "q3-intersection-0343",
      "properties": {
        "source_feature_index": 343,
        "source_relation_id": "19260546",
        "district_id": 3,
        "district_name": "Quận 3",
        "longitude": 106.6841839,
        "latitude": 10.7895944,
        "street_count": 4,
        "highway": null,
        "ref": null
      },
      "geometry": {
        "type": "Point",
        "coordinates": [
          106.6841839,
          10.7895944
        ]
      }
    },
    {
      "type": "Feature",
      "id": "q3-intersection-0344",
      "properties": {
        "source_feature_index": 344,
        "source_relation_id": "19260546",
        "district_id": 3,
        "district_name": "Quận 3",
        "longitude": 106.6843824,
        "latitude": 10.7897972,
        "street_count": 3,
        "highway": null,
        "ref": null
      },
      "geometry": {
        "type": "Point",
        "coordinates": [
          106.6843824,
          10.7897972
        ]
      }
    },
    {
      "type": "Feature",
      "id": "q3-intersection-0345",
      "properties": {
        "source_feature_index": 345,
        "source_relation_id": "19260546",
        "district_id": 3,
        "district_name": "Quận 3",
        "longitude": 106.6900761,
        "latitude": 10.7774342,
        "street_count": 3,
        "highway": null,
        "ref": null
      },
      "geometry": {
        "type": "Point",
        "coordinates": [
          106.6900761,
          10.7774342
        ]
      }
    },
    {
      "type": "Feature",
      "id": "q3-intersection-0346",
      "properties": {
        "source_feature_index": 346,
        "source_relation_id": "19260546",
        "district_id": 3,
        "district_name": "Quận 3",
        "longitude": 106.6833835,
        "latitude": 10.7912145,
        "street_count": 1,
        "highway": null,
        "ref": null
      },
      "geometry": {
        "type": "Point",
        "coordinates": [
          106.6833835,
          10.7912145
        ]
      }
    },
    {
      "type": "Feature",
      "id": "q3-intersection-0347",
      "properties": {
        "source_feature_index": 347,
        "source_relation_id": "19260546",
        "district_id": 3,
        "district_name": "Quận 3",
        "longitude": 106.6842352,
        "latitude": 10.7904278,
        "street_count": 1,
        "highway": null,
        "ref": null
      },
      "geometry": {
        "type": "Point",
        "coordinates": [
          106.6842352,
          10.7904278
        ]
      }
    },
    {
      "type": "Feature",
      "id": "q3-intersection-0348",
      "properties": {
        "source_feature_index": 348,
        "source_relation_id": "19260546",
        "district_id": 3,
        "district_name": "Quận 3",
        "longitude": 106.6911352,
        "latitude": 10.776467,
        "street_count": 3,
        "highway": null,
        "ref": null
      },
      "geometry": {
        "type": "Point",
        "coordinates": [
          106.6911352,
          10.776467
        ]
      }
    },
    {
      "type": "Feature",
      "id": "q3-intersection-0349",
      "properties": {
        "source_feature_index": 349,
        "source_relation_id": "19260546",
        "district_id": 3,
        "district_name": "Quận 3",
        "longitude": 106.6846106,
        "latitude": 10.786164,
        "street_count": 3,
        "highway": null,
        "ref": null
      },
      "geometry": {
        "type": "Point",
        "coordinates": [
          106.6846106,
          10.786164
        ]
      }
    },
    {
      "type": "Feature",
      "id": "q3-intersection-0350",
      "properties": {
        "source_feature_index": 350,
        "source_relation_id": "19260546",
        "district_id": 3,
        "district_name": "Quận 3",
        "longitude": 106.6916317,
        "latitude": 10.7769873,
        "street_count": 1,
        "highway": null,
        "ref": null
      },
      "geometry": {
        "type": "Point",
        "coordinates": [
          106.6916317,
          10.7769873
        ]
      }
    },
    {
      "type": "Feature",
      "id": "q3-intersection-0351",
      "properties": {
        "source_feature_index": 351,
        "source_relation_id": "19260546",
        "district_id": 3,
        "district_name": "Quận 3",
        "longitude": 106.6891758,
        "latitude": 10.7782562,
        "street_count": 3,
        "highway": null,
        "ref": null
      },
      "geometry": {
        "type": "Point",
        "coordinates": [
          106.6891758,
          10.7782562
        ]
      }
    },
    {
      "type": "Feature",
      "id": "q3-intersection-0352",
      "properties": {
        "source_feature_index": 352,
        "source_relation_id": "19260546",
        "district_id": 3,
        "district_name": "Quận 3",
        "longitude": 106.6872327,
        "latitude": 10.7894085,
        "street_count": 3,
        "highway": null,
        "ref": null
      },
      "geometry": {
        "type": "Point",
        "coordinates": [
          106.6872327,
          10.7894085
        ]
      }
    },
    {
      "type": "Feature",
      "id": "q3-intersection-0353",
      "properties": {
        "source_feature_index": 353,
        "source_relation_id": "19260546",
        "district_id": 3,
        "district_name": "Quận 3",
        "longitude": 106.6906189,
        "latitude": 10.7769384,
        "street_count": 4,
        "highway": null,
        "ref": null
      },
      "geometry": {
        "type": "Point",
        "coordinates": [
          106.6906189,
          10.7769384
        ]
      }
    },
    {
      "type": "Feature",
      "id": "q3-intersection-0354",
      "properties": {
        "source_feature_index": 354,
        "source_relation_id": "19260546",
        "district_id": 3,
        "district_name": "Quận 3",
        "longitude": 106.6895684,
        "latitude": 10.7757532,
        "street_count": 4,
        "highway": null,
        "ref": null
      },
      "geometry": {
        "type": "Point",
        "coordinates": [
          106.6895684,
          10.7757532
        ]
      }
    },
    {
      "type": "Feature",
      "id": "q3-intersection-0355",
      "properties": {
        "source_feature_index": 355,
        "source_relation_id": "19260546",
        "district_id": 3,
        "district_name": "Quận 3",
        "longitude": 106.6907264,
        "latitude": 10.7791401,
        "street_count": 4,
        "highway": null,
        "ref": null
      },
      "geometry": {
        "type": "Point",
        "coordinates": [
          106.6907264,
          10.7791401
        ]
      }
    },
    {
      "type": "Feature",
      "id": "q3-intersection-0356",
      "properties": {
        "source_feature_index": 356,
        "source_relation_id": "19260546",
        "district_id": 3,
        "district_name": "Quận 3",
        "longitude": 106.6948334,
        "latitude": 10.781467,
        "street_count": 4,
        "highway": "traffic_signals",
        "ref": null
      },
      "geometry": {
        "type": "Point",
        "coordinates": [
          106.6948334,
          10.781467
        ]
      }
    },
    {
      "type": "Feature",
      "id": "q3-intersection-0357",
      "properties": {
        "source_feature_index": 357,
        "source_relation_id": "19260546",
        "district_id": 3,
        "district_name": "Quận 3",
        "longitude": 106.6969717,
        "latitude": 10.7817005,
        "street_count": 4,
        "highway": "traffic_signals",
        "ref": null
      },
      "geometry": {
        "type": "Point",
        "coordinates": [
          106.6969717,
          10.7817005
        ]
      }
    },
    {
      "type": "Feature",
      "id": "q3-intersection-0358",
      "properties": {
        "source_feature_index": 358,
        "source_relation_id": "19260546",
        "district_id": 3,
        "district_name": "Quận 3",
        "longitude": 106.6874992,
        "latitude": 10.791433,
        "street_count": 3,
        "highway": null,
        "ref": null
      },
      "geometry": {
        "type": "Point",
        "coordinates": [
          106.6874992,
          10.791433
        ]
      }
    },
    {
      "type": "Feature",
      "id": "q3-intersection-0359",
      "properties": {
        "source_feature_index": 359,
        "source_relation_id": "19260546",
        "district_id": 3,
        "district_name": "Quận 3",
        "longitude": 106.6901398,
        "latitude": 10.7785259,
        "street_count": 3,
        "highway": null,
        "ref": null
      },
      "geometry": {
        "type": "Point",
        "coordinates": [
          106.6901398,
          10.7785259
        ]
      }
    },
    {
      "type": "Feature",
      "id": "q3-intersection-0360",
      "properties": {
        "source_feature_index": 360,
        "source_relation_id": "19260546",
        "district_id": 3,
        "district_name": "Quận 3",
        "longitude": 106.688964,
        "latitude": 10.7796331,
        "street_count": 3,
        "highway": null,
        "ref": null
      },
      "geometry": {
        "type": "Point",
        "coordinates": [
          106.688964,
          10.7796331
        ]
      }
    },
    {
      "type": "Feature",
      "id": "q3-intersection-0361",
      "properties": {
        "source_feature_index": 361,
        "source_relation_id": "19260546",
        "district_id": 3,
        "district_name": "Quận 3",
        "longitude": 106.6858246,
        "latitude": 10.7755933,
        "street_count": 3,
        "highway": null,
        "ref": null
      },
      "geometry": {
        "type": "Point",
        "coordinates": [
          106.6858246,
          10.7755933
        ]
      }
    },
    {
      "type": "Feature",
      "id": "q3-intersection-0362",
      "properties": {
        "source_feature_index": 362,
        "source_relation_id": "19260546",
        "district_id": 3,
        "district_name": "Quận 3",
        "longitude": 106.6907681,
        "latitude": 10.7888242,
        "street_count": 3,
        "highway": null,
        "ref": null
      },
      "geometry": {
        "type": "Point",
        "coordinates": [
          106.6907681,
          10.7888242
        ]
      }
    },
    {
      "type": "Feature",
      "id": "q3-intersection-0363",
      "properties": {
        "source_feature_index": 363,
        "source_relation_id": "19260546",
        "district_id": 3,
        "district_name": "Quận 3",
        "longitude": 106.6853982,
        "latitude": 10.7774209,
        "street_count": 3,
        "highway": null,
        "ref": null
      },
      "geometry": {
        "type": "Point",
        "coordinates": [
          106.6853982,
          10.7774209
        ]
      }
    },
    {
      "type": "Feature",
      "id": "q3-intersection-0364",
      "properties": {
        "source_feature_index": 364,
        "source_relation_id": "19260546",
        "district_id": 3,
        "district_name": "Quận 3",
        "longitude": 106.686457,
        "latitude": 10.7765016,
        "street_count": 3,
        "highway": null,
        "ref": null
      },
      "geometry": {
        "type": "Point",
        "coordinates": [
          106.686457,
          10.7765016
        ]
      }
    },
    {
      "type": "Feature",
      "id": "q3-intersection-0365",
      "properties": {
        "source_feature_index": 365,
        "source_relation_id": "19260546",
        "district_id": 3,
        "district_name": "Quận 3",
        "longitude": 106.6933006,
        "latitude": 10.7860641,
        "street_count": 3,
        "highway": null,
        "ref": null
      },
      "geometry": {
        "type": "Point",
        "coordinates": [
          106.6933006,
          10.7860641
        ]
      }
    },
    {
      "type": "Feature",
      "id": "q3-intersection-0366",
      "properties": {
        "source_feature_index": 366,
        "source_relation_id": "19260546",
        "district_id": 3,
        "district_name": "Quận 3",
        "longitude": 106.6830576,
        "latitude": 10.7789053,
        "street_count": 4,
        "highway": "traffic_signals",
        "ref": null
      },
      "geometry": {
        "type": "Point",
        "coordinates": [
          106.6830576,
          10.7789053
        ]
      }
    },
    {
      "type": "Feature",
      "id": "q3-intersection-0367",
      "properties": {
        "source_feature_index": 367,
        "source_relation_id": "19260546",
        "district_id": 3,
        "district_name": "Quận 3",
        "longitude": 106.6841936,
        "latitude": 10.7771974,
        "street_count": 3,
        "highway": null,
        "ref": null
      },
      "geometry": {
        "type": "Point",
        "coordinates": [
          106.6841936,
          10.7771974
        ]
      }
    },
    {
      "type": "Feature",
      "id": "q3-intersection-0368",
      "properties": {
        "source_feature_index": 368,
        "source_relation_id": "19260546",
        "district_id": 3,
        "district_name": "Quận 3",
        "longitude": 106.6880944,
        "latitude": 10.7771139,
        "street_count": 4,
        "highway": null,
        "ref": null
      },
      "geometry": {
        "type": "Point",
        "coordinates": [
          106.6880944,
          10.7771139
        ]
      }
    },
    {
      "type": "Feature",
      "id": "q3-intersection-0369",
      "properties": {
        "source_feature_index": 369,
        "source_relation_id": "19260546",
        "district_id": 3,
        "district_name": "Quận 3",
        "longitude": 106.6899935,
        "latitude": 10.7859074,
        "street_count": 4,
        "highway": "traffic_signals",
        "ref": null
      },
      "geometry": {
        "type": "Point",
        "coordinates": [
          106.6899935,
          10.7859074
        ]
      }
    },
    {
      "type": "Feature",
      "id": "q3-intersection-0370",
      "properties": {
        "source_feature_index": 370,
        "source_relation_id": "19260546",
        "district_id": 3,
        "district_name": "Quận 3",
        "longitude": 106.6929429,
        "latitude": 10.7814734,
        "street_count": 4,
        "highway": "traffic_signals",
        "ref": null
      },
      "geometry": {
        "type": "Point",
        "coordinates": [
          106.6929429,
          10.7814734
        ]
      }
    },
    {
      "type": "Feature",
      "id": "q3-intersection-0371",
      "properties": {
        "source_feature_index": 371,
        "source_relation_id": "19260546",
        "district_id": 3,
        "district_name": "Quận 3",
        "longitude": 106.6839633,
        "latitude": 10.7783866,
        "street_count": 4,
        "highway": null,
        "ref": null
      },
      "geometry": {
        "type": "Point",
        "coordinates": [
          106.6839633,
          10.7783866
        ]
      }
    },
    {
      "type": "Feature",
      "id": "q3-intersection-0372",
      "properties": {
        "source_feature_index": 372,
        "source_relation_id": "19260546",
        "district_id": 3,
        "district_name": "Quận 3",
        "longitude": 106.6854156,
        "latitude": 10.7812847,
        "street_count": 4,
        "highway": null,
        "ref": null
      },
      "geometry": {
        "type": "Point",
        "coordinates": [
          106.6854156,
          10.7812847
        ]
      }
    },
    {
      "type": "Feature",
      "id": "q3-intersection-0373",
      "properties": {
        "source_feature_index": 373,
        "source_relation_id": "19260546",
        "district_id": 3,
        "district_name": "Quận 3",
        "longitude": 106.6939507,
        "latitude": 10.7805422,
        "street_count": 4,
        "highway": "traffic_signals",
        "ref": null
      },
      "geometry": {
        "type": "Point",
        "coordinates": [
          106.6939507,
          10.7805422
        ]
      }
    },
    {
      "type": "Feature",
      "id": "q3-intersection-0374",
      "properties": {
        "source_feature_index": 374,
        "source_relation_id": "19260546",
        "district_id": 3,
        "district_name": "Quận 3",
        "longitude": 106.6880199,
        "latitude": 10.7839127,
        "street_count": 3,
        "highway": null,
        "ref": null
      },
      "geometry": {
        "type": "Point",
        "coordinates": [
          106.6880199,
          10.7839127
        ]
      }
    },
    {
      "type": "Feature",
      "id": "q3-intersection-0375",
      "properties": {
        "source_feature_index": 375,
        "source_relation_id": "19260546",
        "district_id": 3,
        "district_name": "Quận 3",
        "longitude": 106.6876762,
        "latitude": 10.786401,
        "street_count": 4,
        "highway": null,
        "ref": null
      },
      "geometry": {
        "type": "Point",
        "coordinates": [
          106.6876762,
          10.786401
        ]
      }
    },
    {
      "type": "Feature",
      "id": "q3-intersection-0376",
      "properties": {
        "source_feature_index": 376,
        "source_relation_id": "19260546",
        "district_id": 3,
        "district_name": "Quận 3",
        "longitude": 106.683902,
        "latitude": 10.79047,
        "street_count": 1,
        "highway": null,
        "ref": null
      },
      "geometry": {
        "type": "Point",
        "coordinates": [
          106.683902,
          10.79047
        ]
      }
    },
    {
      "type": "Feature",
      "id": "q3-intersection-0377",
      "properties": {
        "source_feature_index": 377,
        "source_relation_id": "19260546",
        "district_id": 3,
        "district_name": "Quận 3",
        "longitude": 106.683905,
        "latitude": 10.7898473,
        "street_count": 3,
        "highway": null,
        "ref": null
      },
      "geometry": {
        "type": "Point",
        "coordinates": [
          106.683905,
          10.7898473
        ]
      }
    },
    {
      "type": "Feature",
      "id": "q3-intersection-0378",
      "properties": {
        "source_feature_index": 378,
        "source_relation_id": "19260546",
        "district_id": 3,
        "district_name": "Quận 3",
        "longitude": 106.6877407,
        "latitude": 10.7912438,
        "street_count": 3,
        "highway": null,
        "ref": null
      },
      "geometry": {
        "type": "Point",
        "coordinates": [
          106.6877407,
          10.7912438
        ]
      }
    },
    {
      "type": "Feature",
      "id": "q3-intersection-0379",
      "properties": {
        "source_feature_index": 379,
        "source_relation_id": "19260546",
        "district_id": 3,
        "district_name": "Quận 3",
        "longitude": 106.6900344,
        "latitude": 10.789409,
        "street_count": 3,
        "highway": null,
        "ref": null
      },
      "geometry": {
        "type": "Point",
        "coordinates": [
          106.6900344,
          10.789409
        ]
      }
    },
    {
      "type": "Feature",
      "id": "q3-intersection-0380",
      "properties": {
        "source_feature_index": 380,
        "source_relation_id": "19260546",
        "district_id": 3,
        "district_name": "Quận 3",
        "longitude": 106.6896689,
        "latitude": 10.7823954,
        "street_count": 4,
        "highway": "traffic_signals",
        "ref": null
      },
      "geometry": {
        "type": "Point",
        "coordinates": [
          106.6896689,
          10.7823954
        ]
      }
    },
    {
      "type": "Feature",
      "id": "q3-intersection-0381",
      "properties": {
        "source_feature_index": 381,
        "source_relation_id": "19260546",
        "district_id": 3,
        "district_name": "Quận 3",
        "longitude": 106.6827702,
        "latitude": 10.7772057,
        "street_count": 3,
        "highway": null,
        "ref": null
      },
      "geometry": {
        "type": "Point",
        "coordinates": [
          106.6827702,
          10.7772057
        ]
      }
    },
    {
      "type": "Feature",
      "id": "q3-intersection-0382",
      "properties": {
        "source_feature_index": 382,
        "source_relation_id": "19260546",
        "district_id": 3,
        "district_name": "Quận 3",
        "longitude": 106.6884593,
        "latitude": 10.7812471,
        "street_count": 4,
        "highway": null,
        "ref": null
      },
      "geometry": {
        "type": "Point",
        "coordinates": [
          106.6884593,
          10.7812471
        ]
      }
    },
    {
      "type": "Feature",
      "id": "q3-intersection-0383",
      "properties": {
        "source_feature_index": 383,
        "source_relation_id": "19260546",
        "district_id": 3,
        "district_name": "Quận 3",
        "longitude": 106.6927888,
        "latitude": 10.7855325,
        "street_count": 4,
        "highway": "traffic_signals",
        "ref": null
      },
      "geometry": {
        "type": "Point",
        "coordinates": [
          106.6927888,
          10.7855325
        ]
      }
    },
    {
      "type": "Feature",
      "id": "q3-intersection-0384",
      "properties": {
        "source_feature_index": 384,
        "source_relation_id": "19260546",
        "district_id": 3,
        "district_name": "Quận 3",
        "longitude": 106.688343,
        "latitude": 10.7907571,
        "street_count": 3,
        "highway": null,
        "ref": null
      },
      "geometry": {
        "type": "Point",
        "coordinates": [
          106.688343,
          10.7907571
        ]
      }
    },
    {
      "type": "Feature",
      "id": "q3-intersection-0385",
      "properties": {
        "source_feature_index": 385,
        "source_relation_id": "19260546",
        "district_id": 3,
        "district_name": "Quận 3",
        "longitude": 106.6852571,
        "latitude": 10.7758973,
        "street_count": 4,
        "highway": null,
        "ref": null
      },
      "geometry": {
        "type": "Point",
        "coordinates": [
          106.6852571,
          10.7758973
        ]
      }
    },
    {
      "type": "Feature",
      "id": "q3-intersection-0386",
      "properties": {
        "source_feature_index": 386,
        "source_relation_id": "19260546",
        "district_id": 3,
        "district_name": "Quận 3",
        "longitude": 106.6889932,
        "latitude": 10.7762842,
        "street_count": 4,
        "highway": null,
        "ref": null
      },
      "geometry": {
        "type": "Point",
        "coordinates": [
          106.6889932,
          10.7762842
        ]
      }
    },
    {
      "type": "Feature",
      "id": "q3-intersection-0387",
      "properties": {
        "source_feature_index": 387,
        "source_relation_id": "19260546",
        "district_id": 3,
        "district_name": "Quận 3",
        "longitude": 106.6948653,
        "latitude": 10.7855769,
        "street_count": 3,
        "highway": null,
        "ref": null
      },
      "geometry": {
        "type": "Point",
        "coordinates": [
          106.6948653,
          10.7855769
        ]
      }
    },
    {
      "type": "Feature",
      "id": "q3-intersection-0388",
      "properties": {
        "source_feature_index": 388,
        "source_relation_id": "19260546",
        "district_id": 3,
        "district_name": "Quận 3",
        "longitude": 106.6852701,
        "latitude": 10.7886239,
        "street_count": 4,
        "highway": null,
        "ref": null
      },
      "geometry": {
        "type": "Point",
        "coordinates": [
          106.6852701,
          10.7886239
        ]
      }
    },
    {
      "type": "Feature",
      "id": "q3-intersection-0389",
      "properties": {
        "source_feature_index": 389,
        "source_relation_id": "19260546",
        "district_id": 3,
        "district_name": "Quận 3",
        "longitude": 106.6863923,
        "latitude": 10.7752884,
        "street_count": 4,
        "highway": null,
        "ref": null
      },
      "geometry": {
        "type": "Point",
        "coordinates": [
          106.6863923,
          10.7752884
        ]
      }
    },
    {
      "type": "Feature",
      "id": "q3-intersection-0390",
      "properties": {
        "source_feature_index": 390,
        "source_relation_id": "19260546",
        "district_id": 3,
        "district_name": "Quận 3",
        "longitude": 106.6918829,
        "latitude": 10.7803576,
        "street_count": 4,
        "highway": null,
        "ref": null
      },
      "geometry": {
        "type": "Point",
        "coordinates": [
          106.6918829,
          10.7803576
        ]
      }
    },
    {
      "type": "Feature",
      "id": "q3-intersection-0391",
      "properties": {
        "source_feature_index": 391,
        "source_relation_id": "19260546",
        "district_id": 3,
        "district_name": "Quận 3",
        "longitude": 106.6907327,
        "latitude": 10.7814155,
        "street_count": 4,
        "highway": null,
        "ref": null
      },
      "geometry": {
        "type": "Point",
        "coordinates": [
          106.6907327,
          10.7814155
        ]
      }
    },
    {
      "type": "Feature",
      "id": "q3-intersection-0392",
      "properties": {
        "source_feature_index": 392,
        "source_relation_id": "19260546",
        "district_id": 3,
        "district_name": "Quận 3",
        "longitude": 106.6876492,
        "latitude": 10.7819798,
        "street_count": 4,
        "highway": null,
        "ref": null
      },
      "geometry": {
        "type": "Point",
        "coordinates": [
          106.6876492,
          10.7819798
        ]
      }
    },
    {
      "type": "Feature",
      "id": "q3-intersection-0393",
      "properties": {
        "source_feature_index": 393,
        "source_relation_id": "19260546",
        "district_id": 3,
        "district_name": "Quận 3",
        "longitude": 106.6888468,
        "latitude": 10.7831517,
        "street_count": 4,
        "highway": null,
        "ref": null
      },
      "geometry": {
        "type": "Point",
        "coordinates": [
          106.6888468,
          10.7831517
        ]
      }
    },
    {
      "type": "Feature",
      "id": "q3-intersection-0394",
      "properties": {
        "source_feature_index": 394,
        "source_relation_id": "19260546",
        "district_id": 3,
        "district_name": "Quận 3",
        "longitude": 106.6959835,
        "latitude": 10.7846634,
        "street_count": 4,
        "highway": "traffic_signals",
        "ref": null
      },
      "geometry": {
        "type": "Point",
        "coordinates": [
          106.6959835,
          10.7846634
        ]
      }
    },
    {
      "type": "Feature",
      "id": "q3-intersection-0395",
      "properties": {
        "source_feature_index": 395,
        "source_relation_id": "19260546",
        "district_id": 3,
        "district_name": "Quận 3",
        "longitude": 106.690783,
        "latitude": 10.7834531,
        "street_count": 6,
        "highway": "traffic_signals",
        "ref": null
      },
      "geometry": {
        "type": "Point",
        "coordinates": [
          106.690783,
          10.7834531
        ]
      }
    },
    {
      "type": "Feature",
      "id": "q3-intersection-0396",
      "properties": {
        "source_feature_index": 396,
        "source_relation_id": "19260546",
        "district_id": 3,
        "district_name": "Quận 3",
        "longitude": 106.6882626,
        "latitude": 10.7743262,
        "street_count": 4,
        "highway": null,
        "ref": null
      },
      "geometry": {
        "type": "Point",
        "coordinates": [
          106.6882626,
          10.7743262
        ]
      }
    },
    {
      "type": "Feature",
      "id": "q3-intersection-0397",
      "properties": {
        "source_feature_index": 397,
        "source_relation_id": "19260546",
        "district_id": 3,
        "district_name": "Quận 3",
        "longitude": 106.6938041,
        "latitude": 10.78238,
        "street_count": 4,
        "highway": null,
        "ref": null
      },
      "geometry": {
        "type": "Point",
        "coordinates": [
          106.6938041,
          10.78238
        ]
      }
    },
    {
      "type": "Feature",
      "id": "q3-intersection-0398",
      "properties": {
        "source_feature_index": 398,
        "source_relation_id": "19260546",
        "district_id": 3,
        "district_name": "Quận 3",
        "longitude": 106.6916574,
        "latitude": 10.78436,
        "street_count": 4,
        "highway": "traffic_signals",
        "ref": null
      },
      "geometry": {
        "type": "Point",
        "coordinates": [
          106.6916574,
          10.78436
        ]
      }
    },
    {
      "type": "Feature",
      "id": "q3-intersection-0399",
      "properties": {
        "source_feature_index": 399,
        "source_relation_id": "19260546",
        "district_id": 3,
        "district_name": "Quận 3",
        "longitude": 106.6868508,
        "latitude": 10.7750424,
        "street_count": 4,
        "highway": null,
        "ref": null
      },
      "geometry": {
        "type": "Point",
        "coordinates": [
          106.6868508,
          10.7750424
        ]
      }
    },
    {
      "type": "Feature",
      "id": "q3-intersection-0400",
      "properties": {
        "source_feature_index": 400,
        "source_relation_id": "19260546",
        "district_id": 3,
        "district_name": "Quận 3",
        "longitude": 106.697051,
        "latitude": 10.7838024,
        "street_count": 4,
        "highway": "traffic_signals",
        "ref": null
      },
      "geometry": {
        "type": "Point",
        "coordinates": [
          106.697051,
          10.7838024
        ]
      }
    },
    {
      "type": "Feature",
      "id": "q3-intersection-0401",
      "properties": {
        "source_feature_index": 401,
        "source_relation_id": "19260546",
        "district_id": 3,
        "district_name": "Quận 3",
        "longitude": 106.6949277,
        "latitude": 10.7835624,
        "street_count": 4,
        "highway": null,
        "ref": null
      },
      "geometry": {
        "type": "Point",
        "coordinates": [
          106.6949277,
          10.7835624
        ]
      }
    },
    {
      "type": "Feature",
      "id": "q3-intersection-0402",
      "properties": {
        "source_feature_index": 402,
        "source_relation_id": "19260546",
        "district_id": 3,
        "district_name": "Quận 3",
        "longitude": 106.69565,
        "latitude": 10.7829102,
        "street_count": 3,
        "highway": null,
        "ref": null
      },
      "geometry": {
        "type": "Point",
        "coordinates": [
          106.69565,
          10.7829102
        ]
      }
    },
    {
      "type": "Feature",
      "id": "q3-intersection-0403",
      "properties": {
        "source_feature_index": 403,
        "source_relation_id": "19260546",
        "district_id": 3,
        "district_name": "Quận 3",
        "longitude": 106.6958645,
        "latitude": 10.7805243,
        "street_count": 4,
        "highway": "traffic_signals",
        "ref": null
      },
      "geometry": {
        "type": "Point",
        "coordinates": [
          106.6958645,
          10.7805243
        ]
      }
    },
    {
      "type": "Feature",
      "id": "q3-intersection-0404",
      "properties": {
        "source_feature_index": 404,
        "source_relation_id": "19260546",
        "district_id": 3,
        "district_name": "Quận 3",
        "longitude": 106.6872062,
        "latitude": 10.7800575,
        "street_count": 4,
        "highway": null,
        "ref": null
      },
      "geometry": {
        "type": "Point",
        "coordinates": [
          106.6872062,
          10.7800575
        ]
      }
    },
    {
      "type": "Feature",
      "id": "q3-intersection-0405",
      "properties": {
        "source_feature_index": 405,
        "source_relation_id": "19260546",
        "district_id": 3,
        "district_name": "Quận 3",
        "longitude": 106.6884651,
        "latitude": 10.7767717,
        "street_count": 4,
        "highway": null,
        "ref": null
      },
      "geometry": {
        "type": "Point",
        "coordinates": [
          106.6884651,
          10.7767717
        ]
      }
    },
    {
      "type": "Feature",
      "id": "q3-intersection-0406",
      "properties": {
        "source_feature_index": 406,
        "source_relation_id": "19260546",
        "district_id": 3,
        "district_name": "Quận 3",
        "longitude": 106.6863121,
        "latitude": 10.7806715,
        "street_count": 4,
        "highway": null,
        "ref": null
      },
      "geometry": {
        "type": "Point",
        "coordinates": [
          106.6863121,
          10.7806715
        ]
      }
    },
    {
      "type": "Feature",
      "id": "q3-intersection-0407",
      "properties": {
        "source_feature_index": 407,
        "source_relation_id": "19260546",
        "district_id": 3,
        "district_name": "Quận 3",
        "longitude": 106.6895565,
        "latitude": 10.7779086,
        "street_count": 4,
        "highway": null,
        "ref": null
      },
      "geometry": {
        "type": "Point",
        "coordinates": [
          106.6895565,
          10.7779086
        ]
      }
    },
    {
      "type": "Feature",
      "id": "q3-intersection-0408",
      "properties": {
        "source_feature_index": 408,
        "source_relation_id": "19260546",
        "district_id": 3,
        "district_name": "Quận 3",
        "longitude": 106.6842442,
        "latitude": 10.7801026,
        "street_count": 4,
        "highway": "traffic_signals",
        "ref": null
      },
      "geometry": {
        "type": "Point",
        "coordinates": [
          106.6842442,
          10.7801026
        ]
      }
    },
    {
      "type": "Feature",
      "id": "q3-intersection-0409",
      "properties": {
        "source_feature_index": 409,
        "source_relation_id": "19260546",
        "district_id": 3,
        "district_name": "Quận 3",
        "longitude": 106.6851578,
        "latitude": 10.779542,
        "street_count": 4,
        "highway": null,
        "ref": null
      },
      "geometry": {
        "type": "Point",
        "coordinates": [
          106.6851578,
          10.779542
        ]
      }
    },
    {
      "type": "Feature",
      "id": "q3-intersection-0410",
      "properties": {
        "source_feature_index": 410,
        "source_relation_id": "19260546",
        "district_id": 3,
        "district_name": "Quận 3",
        "longitude": 106.685973,
        "latitude": 10.7834895,
        "street_count": 3,
        "highway": null,
        "ref": null
      },
      "geometry": {
        "type": "Point",
        "coordinates": [
          106.685973,
          10.7834895
        ]
      }
    },
    {
      "type": "Feature",
      "id": "q3-intersection-0411",
      "properties": {
        "source_feature_index": 411,
        "source_relation_id": "19260546",
        "district_id": 3,
        "district_name": "Quận 3",
        "longitude": 106.6868417,
        "latitude": 10.7827237,
        "street_count": 4,
        "highway": "traffic_signals",
        "ref": null
      },
      "geometry": {
        "type": "Point",
        "coordinates": [
          106.6868417,
          10.7827237
        ]
      }
    },
    {
      "type": "Feature",
      "id": "q3-intersection-0412",
      "properties": {
        "source_feature_index": 412,
        "source_relation_id": "19260546",
        "district_id": 3,
        "district_name": "Quận 3",
        "longitude": 106.6866217,
        "latitude": 10.7829132,
        "street_count": 3,
        "highway": null,
        "ref": null
      },
      "geometry": {
        "type": "Point",
        "coordinates": [
          106.6866217,
          10.7829132
        ]
      }
    },
    {
      "type": "Feature",
      "id": "q3-intersection-0413",
      "properties": {
        "source_feature_index": 413,
        "source_relation_id": "19260546",
        "district_id": 3,
        "district_name": "Quận 3",
        "longitude": 106.6816418,
        "latitude": 10.778085,
        "street_count": 3,
        "highway": null,
        "ref": null
      },
      "geometry": {
        "type": "Point",
        "coordinates": [
          106.6816418,
          10.778085
        ]
      }
    },
    {
      "type": "Feature",
      "id": "q3-intersection-0414",
      "properties": {
        "source_feature_index": 414,
        "source_relation_id": "19260546",
        "district_id": 3,
        "district_name": "Quận 3",
        "longitude": 106.6819605,
        "latitude": 10.7779137,
        "street_count": 3,
        "highway": null,
        "ref": null
      },
      "geometry": {
        "type": "Point",
        "coordinates": [
          106.6819605,
          10.7779137
        ]
      }
    },
    {
      "type": "Feature",
      "id": "q3-intersection-0415",
      "properties": {
        "source_feature_index": 415,
        "source_relation_id": "19260546",
        "district_id": 3,
        "district_name": "Quận 3",
        "longitude": 106.6876058,
        "latitude": 10.7862874,
        "street_count": 4,
        "highway": null,
        "ref": null
      },
      "geometry": {
        "type": "Point",
        "coordinates": [
          106.6876058,
          10.7862874
        ]
      }
    },
    {
      "type": "Feature",
      "id": "q3-intersection-0416",
      "properties": {
        "source_feature_index": 416,
        "source_relation_id": "19260546",
        "district_id": 3,
        "district_name": "Quận 3",
        "longitude": 106.6852127,
        "latitude": 10.7884963,
        "street_count": 4,
        "highway": null,
        "ref": null
      },
      "geometry": {
        "type": "Point",
        "coordinates": [
          106.6852127,
          10.7884963
        ]
      }
    },
    {
      "type": "Feature",
      "id": "q3-intersection-0417",
      "properties": {
        "source_feature_index": 417,
        "source_relation_id": "19260546",
        "district_id": 3,
        "district_name": "Quận 3",
        "longitude": 106.6827476,
        "latitude": 10.790763,
        "street_count": 3,
        "highway": null,
        "ref": null
      },
      "geometry": {
        "type": "Point",
        "coordinates": [
          106.6827476,
          10.790763
        ]
      }
    },
    {
      "type": "Feature",
      "id": "q3-intersection-0418",
      "properties": {
        "source_feature_index": 418,
        "source_relation_id": "19260546",
        "district_id": 3,
        "district_name": "Quận 3",
        "longitude": 106.6890134,
        "latitude": 10.7851938,
        "street_count": 3,
        "highway": null,
        "ref": null
      },
      "geometry": {
        "type": "Point",
        "coordinates": [
          106.6890134,
          10.7851938
        ]
      }
    },
    {
      "type": "Feature",
      "id": "q3-intersection-0419",
      "properties": {
        "source_feature_index": 419,
        "source_relation_id": "19260546",
        "district_id": 3,
        "district_name": "Quận 3",
        "longitude": 106.6888979,
        "latitude": 10.7851125,
        "street_count": 3,
        "highway": null,
        "ref": null
      },
      "geometry": {
        "type": "Point",
        "coordinates": [
          106.6888979,
          10.7851125
        ]
      }
    },
    {
      "type": "Feature",
      "id": "q3-intersection-0420",
      "properties": {
        "source_feature_index": 420,
        "source_relation_id": "19260546",
        "district_id": 3,
        "district_name": "Quận 3",
        "longitude": 106.6825818,
        "latitude": 10.7909129,
        "street_count": 3,
        "highway": null,
        "ref": null
      },
      "geometry": {
        "type": "Point",
        "coordinates": [
          106.6825818,
          10.7909129
        ]
      }
    },
    {
      "type": "Feature",
      "id": "q3-intersection-0421",
      "properties": {
        "source_feature_index": 421,
        "source_relation_id": "19260546",
        "district_id": 3,
        "district_name": "Quận 3",
        "longitude": 106.6826651,
        "latitude": 10.7910067,
        "street_count": 3,
        "highway": null,
        "ref": null
      },
      "geometry": {
        "type": "Point",
        "coordinates": [
          106.6826651,
          10.7910067
        ]
      }
    },
    {
      "type": "Feature",
      "id": "q3-intersection-0422",
      "properties": {
        "source_feature_index": 422,
        "source_relation_id": "19260546",
        "district_id": 3,
        "district_name": "Quận 3",
        "longitude": 106.6890619,
        "latitude": 10.7849642,
        "street_count": 5,
        "highway": "traffic_signals",
        "ref": null
      },
      "geometry": {
        "type": "Point",
        "coordinates": [
          106.6890619,
          10.7849642
        ]
      }
    },
    {
      "type": "Feature",
      "id": "q3-intersection-0423",
      "properties": {
        "source_feature_index": 423,
        "source_relation_id": "19260546",
        "district_id": 3,
        "district_name": "Quận 3",
        "longitude": 106.6895565,
        "latitude": 10.7854649,
        "street_count": 3,
        "highway": null,
        "ref": null
      },
      "geometry": {
        "type": "Point",
        "coordinates": [
          106.6895565,
          10.7854649
        ]
      }
    },
    {
      "type": "Feature",
      "id": "q3-intersection-0424",
      "properties": {
        "source_feature_index": 424,
        "source_relation_id": "19260546",
        "district_id": 3,
        "district_name": "Quận 3",
        "longitude": 106.6841035,
        "latitude": 10.7895101,
        "street_count": 3,
        "highway": null,
        "ref": null
      },
      "geometry": {
        "type": "Point",
        "coordinates": [
          106.6841035,
          10.7895101
        ]
      }
    },
    {
      "type": "Feature",
      "id": "q3-intersection-0425",
      "properties": {
        "source_feature_index": 425,
        "source_relation_id": "19260546",
        "district_id": 3,
        "district_name": "Quận 3",
        "longitude": 106.6898816,
        "latitude": 10.7841642,
        "street_count": 4,
        "highway": null,
        "ref": null
      },
      "geometry": {
        "type": "Point",
        "coordinates": [
          106.6898816,
          10.7841642
        ]
      }
    },
    {
      "type": "Feature",
      "id": "q3-intersection-0426",
      "properties": {
        "source_feature_index": 426,
        "source_relation_id": "19260546",
        "district_id": 3,
        "district_name": "Quận 3",
        "longitude": 106.6899324,
        "latitude": 10.7842139,
        "street_count": 3,
        "highway": null,
        "ref": null
      },
      "geometry": {
        "type": "Point",
        "coordinates": [
          106.6899324,
          10.7842139
        ]
      }
    },
    {
      "type": "Feature",
      "id": "q3-intersection-0427",
      "properties": {
        "source_feature_index": 427,
        "source_relation_id": "19260546",
        "district_id": 3,
        "district_name": "Quận 3",
        "longitude": 106.6886924,
        "latitude": 10.7845913,
        "street_count": 3,
        "highway": null,
        "ref": null
      },
      "geometry": {
        "type": "Point",
        "coordinates": [
          106.6886924,
          10.7845913
        ]
      }
    },
    {
      "type": "Feature",
      "id": "q3-intersection-0428",
      "properties": {
        "source_feature_index": 428,
        "source_relation_id": "19260546",
        "district_id": 3,
        "district_name": "Quận 3",
        "longitude": 106.682444,
        "latitude": 10.7915567,
        "street_count": 3,
        "highway": null,
        "ref": null
      },
      "geometry": {
        "type": "Point",
        "coordinates": [
          106.682444,
          10.7915567
        ]
      }
    },
    {
      "type": "Feature",
      "id": "q3-intersection-0429",
      "properties": {
        "source_feature_index": 429,
        "source_relation_id": "19260546",
        "district_id": 3,
        "district_name": "Quận 3",
        "longitude": 106.696225,
        "latitude": 10.7829277,
        "street_count": 3,
        "highway": null,
        "ref": null
      },
      "geometry": {
        "type": "Point",
        "coordinates": [
          106.696225,
          10.7829277
        ]
      }
    },
    {
      "type": "Feature",
      "id": "q3-intersection-0430",
      "properties": {
        "source_feature_index": 430,
        "source_relation_id": "19260546",
        "district_id": 3,
        "district_name": "Quận 3",
        "longitude": 106.6872584,
        "latitude": 10.7865731,
        "street_count": 3,
        "highway": null,
        "ref": null
      },
      "geometry": {
        "type": "Point",
        "coordinates": [
          106.6872584,
          10.7865731
        ]
      }
    },
    {
      "type": "Feature",
      "id": "q3-intersection-0431",
      "properties": {
        "source_feature_index": 431,
        "source_relation_id": "19260546",
        "district_id": 3,
        "district_name": "Quận 3",
        "longitude": 106.6864494,
        "latitude": 10.7865392,
        "street_count": 1,
        "highway": null,
        "ref": null
      },
      "geometry": {
        "type": "Point",
        "coordinates": [
          106.6864494,
          10.7865392
        ]
      }
    },
    {
      "type": "Feature",
      "id": "q3-intersection-0432",
      "properties": {
        "source_feature_index": 432,
        "source_relation_id": "19260546",
        "district_id": 3,
        "district_name": "Quận 3",
        "longitude": 106.6853829,
        "latitude": 10.7832023,
        "street_count": 4,
        "highway": null,
        "ref": null
      },
      "geometry": {
        "type": "Point",
        "coordinates": [
          106.6853829,
          10.7832023
        ]
      }
    },
    {
      "type": "Feature",
      "id": "q3-intersection-0433",
      "properties": {
        "source_feature_index": 433,
        "source_relation_id": "19260546",
        "district_id": 3,
        "district_name": "Quận 3",
        "longitude": 106.685903,
        "latitude": 10.7817766,
        "street_count": 4,
        "highway": null,
        "ref": null
      },
      "geometry": {
        "type": "Point",
        "coordinates": [
          106.685903,
          10.7817766
        ]
      }
    },
    {
      "type": "Feature",
      "id": "q3-intersection-0434",
      "properties": {
        "source_feature_index": 434,
        "source_relation_id": "19260546",
        "district_id": 3,
        "district_name": "Quận 3",
        "longitude": 106.6854231,
        "latitude": 10.7822327,
        "street_count": 3,
        "highway": null,
        "ref": null
      },
      "geometry": {
        "type": "Point",
        "coordinates": [
          106.6854231,
          10.7822327
        ]
      }
    },
    {
      "type": "Feature",
      "id": "q3-intersection-0435",
      "properties": {
        "source_feature_index": 435,
        "source_relation_id": "19260546",
        "district_id": 3,
        "district_name": "Quận 3",
        "longitude": 106.6848384,
        "latitude": 10.7823961,
        "street_count": 1,
        "highway": null,
        "ref": null
      },
      "geometry": {
        "type": "Point",
        "coordinates": [
          106.6848384,
          10.7823961
        ]
      }
    },
    {
      "type": "Feature",
      "id": "q3-intersection-0436",
      "properties": {
        "source_feature_index": 436,
        "source_relation_id": "19260546",
        "district_id": 3,
        "district_name": "Quận 3",
        "longitude": 106.6854169,
        "latitude": 10.7829077,
        "street_count": 3,
        "highway": null,
        "ref": null
      },
      "geometry": {
        "type": "Point",
        "coordinates": [
          106.6854169,
          10.7829077
        ]
      }
    },
    {
      "type": "Feature",
      "id": "q3-intersection-0437",
      "properties": {
        "source_feature_index": 437,
        "source_relation_id": "19260546",
        "district_id": 3,
        "district_name": "Quận 3",
        "longitude": 106.6849588,
        "latitude": 10.7830583,
        "street_count": 1,
        "highway": null,
        "ref": null
      },
      "geometry": {
        "type": "Point",
        "coordinates": [
          106.6849588,
          10.7830583
        ]
      }
    },
    {
      "type": "Feature",
      "id": "q3-intersection-0438",
      "properties": {
        "source_feature_index": 438,
        "source_relation_id": "19260546",
        "district_id": 3,
        "district_name": "Quận 3",
        "longitude": 106.6850583,
        "latitude": 10.7835264,
        "street_count": 1,
        "highway": null,
        "ref": null
      },
      "geometry": {
        "type": "Point",
        "coordinates": [
          106.6850583,
          10.7835264
        ]
      }
    },
    {
      "type": "Feature",
      "id": "q3-intersection-0439",
      "properties": {
        "source_feature_index": 439,
        "source_relation_id": "19260546",
        "district_id": 3,
        "district_name": "Quận 3",
        "longitude": 106.6851576,
        "latitude": 10.7833393,
        "street_count": 3,
        "highway": null,
        "ref": null
      },
      "geometry": {
        "type": "Point",
        "coordinates": [
          106.6851576,
          10.7833393
        ]
      }
    },
    {
      "type": "Feature",
      "id": "q3-intersection-0440",
      "properties": {
        "source_feature_index": 440,
        "source_relation_id": "19260546",
        "district_id": 3,
        "district_name": "Quận 3",
        "longitude": 106.6850296,
        "latitude": 10.7833727,
        "street_count": 1,
        "highway": null,
        "ref": null
      },
      "geometry": {
        "type": "Point",
        "coordinates": [
          106.6850296,
          10.7833727
        ]
      }
    },
    {
      "type": "Feature",
      "id": "q3-intersection-0441",
      "properties": {
        "source_feature_index": 441,
        "source_relation_id": "19260546",
        "district_id": 3,
        "district_name": "Quận 3",
        "longitude": 106.685399,
        "latitude": 10.7833657,
        "street_count": 3,
        "highway": null,
        "ref": null
      },
      "geometry": {
        "type": "Point",
        "coordinates": [
          106.685399,
          10.7833657
        ]
      }
    },
    {
      "type": "Feature",
      "id": "q3-intersection-0442",
      "properties": {
        "source_feature_index": 442,
        "source_relation_id": "19260546",
        "district_id": 3,
        "district_name": "Quận 3",
        "longitude": 106.6852675,
        "latitude": 10.7833789,
        "street_count": 1,
        "highway": null,
        "ref": null
      },
      "geometry": {
        "type": "Point",
        "coordinates": [
          106.6852675,
          10.7833789
        ]
      }
    },
    {
      "type": "Feature",
      "id": "q3-intersection-0443",
      "properties": {
        "source_feature_index": 443,
        "source_relation_id": "19260546",
        "district_id": 3,
        "district_name": "Quận 3",
        "longitude": 106.6855438,
        "latitude": 10.7833472,
        "street_count": 1,
        "highway": null,
        "ref": null
      },
      "geometry": {
        "type": "Point",
        "coordinates": [
          106.6855438,
          10.7833472
        ]
      }
    },
    {
      "type": "Feature",
      "id": "q3-intersection-0444",
      "properties": {
        "source_feature_index": 444,
        "source_relation_id": "19260546",
        "district_id": 3,
        "district_name": "Quận 3",
        "longitude": 106.6845353,
        "latitude": 10.7829441,
        "street_count": 1,
        "highway": null,
        "ref": null
      },
      "geometry": {
        "type": "Point",
        "coordinates": [
          106.6845353,
          10.7829441
        ]
      }
    },
    {
      "type": "Feature",
      "id": "q3-intersection-0445",
      "properties": {
        "source_feature_index": 445,
        "source_relation_id": "19260546",
        "district_id": 3,
        "district_name": "Quận 3",
        "longitude": 106.6862473,
        "latitude": 10.7814883,
        "street_count": 1,
        "highway": null,
        "ref": null
      },
      "geometry": {
        "type": "Point",
        "coordinates": [
          106.6862473,
          10.7814883
        ]
      }
    },
    {
      "type": "Feature",
      "id": "q3-intersection-0446",
      "properties": {
        "source_feature_index": 446,
        "source_relation_id": "19260546",
        "district_id": 3,
        "district_name": "Quận 3",
        "longitude": 106.6832431,
        "latitude": 10.7807136,
        "street_count": 3,
        "highway": null,
        "ref": null
      },
      "geometry": {
        "type": "Point",
        "coordinates": [
          106.6832431,
          10.7807136
        ]
      }
    },
    {
      "type": "Feature",
      "id": "q3-intersection-0447",
      "properties": {
        "source_feature_index": 447,
        "source_relation_id": "19260546",
        "district_id": 3,
        "district_name": "Quận 3",
        "longitude": 106.6893994,
        "latitude": 10.7736956,
        "street_count": 4,
        "highway": null,
        "ref": null
      },
      "geometry": {
        "type": "Point",
        "coordinates": [
          106.6893994,
          10.7736956
        ]
      }
    },
    {
      "type": "Feature",
      "id": "q3-intersection-0448",
      "properties": {
        "source_feature_index": 448,
        "source_relation_id": "19260546",
        "district_id": 3,
        "district_name": "Quận 3",
        "longitude": 106.6839226,
        "latitude": 10.7766202,
        "street_count": 3,
        "highway": null,
        "ref": null
      },
      "geometry": {
        "type": "Point",
        "coordinates": [
          106.6839226,
          10.7766202
        ]
      }
    },
    {
      "type": "Feature",
      "id": "q3-intersection-0449",
      "properties": {
        "source_feature_index": 449,
        "source_relation_id": "19260546",
        "district_id": 3,
        "district_name": "Quận 3",
        "longitude": 106.6949909,
        "latitude": 10.7795752,
        "street_count": 4,
        "highway": "traffic_signals",
        "ref": null
      },
      "geometry": {
        "type": "Point",
        "coordinates": [
          106.6949909,
          10.7795752
        ]
      }
    },
    {
      "type": "Feature",
      "id": "q3-intersection-0450",
      "properties": {
        "source_feature_index": 450,
        "source_relation_id": "19260546",
        "district_id": 3,
        "district_name": "Quận 3",
        "longitude": 106.6848872,
        "latitude": 10.7778559,
        "street_count": 4,
        "highway": null,
        "ref": null
      },
      "geometry": {
        "type": "Point",
        "coordinates": [
          106.6848872,
          10.7778559
        ]
      }
    },
    {
      "type": "Feature",
      "id": "q3-intersection-0451",
      "properties": {
        "source_feature_index": 451,
        "source_relation_id": "19260546",
        "district_id": 3,
        "district_name": "Quận 3",
        "longitude": 106.6861495,
        "latitude": 10.7767966,
        "street_count": 4,
        "highway": null,
        "ref": null
      },
      "geometry": {
        "type": "Point",
        "coordinates": [
          106.6861495,
          10.7767966
        ]
      }
    },
    {
      "type": "Feature",
      "id": "q3-intersection-0452",
      "properties": {
        "source_feature_index": 452,
        "source_relation_id": "19260546",
        "district_id": 3,
        "district_name": "Quận 3",
        "longitude": 106.6981158,
        "latitude": 10.782881,
        "street_count": 4,
        "highway": "traffic_signals",
        "ref": null
      },
      "geometry": {
        "type": "Point",
        "coordinates": [
          106.6981158,
          10.782881
        ]
      }
    },
    {
      "type": "Feature",
      "id": "q3-intersection-0453",
      "properties": {
        "source_feature_index": 453,
        "source_relation_id": "19260546",
        "district_id": 3,
        "district_name": "Quận 3",
        "longitude": 106.6846801,
        "latitude": 10.7889673,
        "street_count": 3,
        "highway": null,
        "ref": null
      },
      "geometry": {
        "type": "Point",
        "coordinates": [
          106.6846801,
          10.7889673
        ]
      }
    },
    {
      "type": "Feature",
      "id": "q3-intersection-0454",
      "properties": {
        "source_feature_index": 454,
        "source_relation_id": "19260546",
        "district_id": 3,
        "district_name": "Quận 3",
        "longitude": 106.6856829,
        "latitude": 10.7763265,
        "street_count": 3,
        "highway": null,
        "ref": null
      },
      "geometry": {
        "type": "Point",
        "coordinates": [
          106.6856829,
          10.7763265
        ]
      }
    },
    {
      "type": "Feature",
      "id": "q3-intersection-0455",
      "properties": {
        "source_feature_index": 455,
        "source_relation_id": "19260546",
        "district_id": 3,
        "district_name": "Quận 3",
        "longitude": 106.6820415,
        "latitude": 10.7912746,
        "street_count": 3,
        "highway": null,
        "ref": null
      },
      "geometry": {
        "type": "Point",
        "coordinates": [
          106.6820415,
          10.7912746
        ]
      }
    },
    {
      "type": "Feature",
      "id": "q3-intersection-0456",
      "properties": {
        "source_feature_index": 456,
        "source_relation_id": "19260546",
        "district_id": 3,
        "district_name": "Quận 3",
        "longitude": 106.6840927,
        "latitude": 10.7900501,
        "street_count": 3,
        "highway": null,
        "ref": null
      },
      "geometry": {
        "type": "Point",
        "coordinates": [
          106.6840927,
          10.7900501
        ]
      }
    },
    {
      "type": "Feature",
      "id": "q3-intersection-0457",
      "properties": {
        "source_feature_index": 457,
        "source_relation_id": "19260546",
        "district_id": 3,
        "district_name": "Quận 3",
        "longitude": 106.6828327,
        "latitude": 10.7759902,
        "street_count": 3,
        "highway": null,
        "ref": null
      },
      "geometry": {
        "type": "Point",
        "coordinates": [
          106.6828327,
          10.7759902
        ]
      }
    },
    {
      "type": "Feature",
      "id": "q3-intersection-0458",
      "properties": {
        "source_feature_index": 458,
        "source_relation_id": "19260546",
        "district_id": 3,
        "district_name": "Quận 3",
        "longitude": 106.6866413,
        "latitude": 10.7828965,
        "street_count": 3,
        "highway": null,
        "ref": null
      },
      "geometry": {
        "type": "Point",
        "coordinates": [
          106.6866413,
          10.7828965
        ]
      }
    },
    {
      "type": "Feature",
      "id": "q3-intersection-0459",
      "properties": {
        "source_feature_index": 459,
        "source_relation_id": "19260546",
        "district_id": 3,
        "district_name": "Quận 3",
        "longitude": 106.6866513,
        "latitude": 10.7825317,
        "street_count": 3,
        "highway": null,
        "ref": null
      },
      "geometry": {
        "type": "Point",
        "coordinates": [
          106.6866513,
          10.7825317
        ]
      }
    },
    {
      "type": "Feature",
      "id": "q3-intersection-0460",
      "properties": {
        "source_feature_index": 460,
        "source_relation_id": "19260546",
        "district_id": 3,
        "district_name": "Quận 3",
        "longitude": 106.6888264,
        "latitude": 10.774973,
        "street_count": 3,
        "highway": null,
        "ref": null
      },
      "geometry": {
        "type": "Point",
        "coordinates": [
          106.6888264,
          10.774973
        ]
      }
    },
    {
      "type": "Feature",
      "id": "q3-intersection-0461",
      "properties": {
        "source_feature_index": 461,
        "source_relation_id": "19260546",
        "district_id": 3,
        "district_name": "Quận 3",
        "longitude": 106.68954,
        "latitude": 10.7832599,
        "street_count": 1,
        "highway": null,
        "ref": null
      },
      "geometry": {
        "type": "Point",
        "coordinates": [
          106.68954,
          10.7832599
        ]
      }
    },
    {
      "type": "Feature",
      "id": "q3-intersection-0462",
      "properties": {
        "source_feature_index": 462,
        "source_relation_id": "19260546",
        "district_id": 3,
        "district_name": "Quận 3",
        "longitude": 106.6900349,
        "latitude": 10.7827429,
        "street_count": 3,
        "highway": null,
        "ref": null
      },
      "geometry": {
        "type": "Point",
        "coordinates": [
          106.6900349,
          10.7827429
        ]
      }
    },
    {
      "type": "Feature",
      "id": "q3-intersection-0463",
      "properties": {
        "source_feature_index": 463,
        "source_relation_id": "19260546",
        "district_id": 3,
        "district_name": "Quận 3",
        "longitude": 106.6845028,
        "latitude": 10.7843975,
        "street_count": 4,
        "highway": "traffic_signals",
        "ref": null
      },
      "geometry": {
        "type": "Point",
        "coordinates": [
          106.6845028,
          10.7843975
        ]
      }
    },
    {
      "type": "Feature",
      "id": "q3-intersection-0464",
      "properties": {
        "source_feature_index": 464,
        "source_relation_id": "19260546",
        "district_id": 3,
        "district_name": "Quận 3",
        "longitude": 106.6836579,
        "latitude": 10.7776648,
        "street_count": 1,
        "highway": null,
        "ref": null
      },
      "geometry": {
        "type": "Point",
        "coordinates": [
          106.6836579,
          10.7776648
        ]
      }
    },
    {
      "type": "Feature",
      "id": "q3-intersection-0465",
      "properties": {
        "source_feature_index": 465,
        "source_relation_id": "19260546",
        "district_id": 3,
        "district_name": "Quận 3",
        "longitude": 106.6833882,
        "latitude": 10.7778105,
        "street_count": 3,
        "highway": null,
        "ref": null
      },
      "geometry": {
        "type": "Point",
        "coordinates": [
          106.6833882,
          10.7778105
        ]
      }
    },
    {
      "type": "Feature",
      "id": "q3-intersection-0466",
      "properties": {
        "source_feature_index": 466,
        "source_relation_id": "19260546",
        "district_id": 3,
        "district_name": "Quận 3",
        "longitude": 106.6842185,
        "latitude": 10.778998,
        "street_count": 1,
        "highway": null,
        "ref": null
      },
      "geometry": {
        "type": "Point",
        "coordinates": [
          106.6842185,
          10.778998
        ]
      }
    },
    {
      "type": "Feature",
      "id": "q3-intersection-0467",
      "properties": {
        "source_feature_index": 467,
        "source_relation_id": "19260546",
        "district_id": 3,
        "district_name": "Quận 3",
        "longitude": 106.6842145,
        "latitude": 10.778619,
        "street_count": 3,
        "highway": null,
        "ref": null
      },
      "geometry": {
        "type": "Point",
        "coordinates": [
          106.6842145,
          10.778619
        ]
      }
    },
    {
      "type": "Feature",
      "id": "q3-intersection-0468",
      "properties": {
        "source_feature_index": 468,
        "source_relation_id": "19260546",
        "district_id": 3,
        "district_name": "Quận 3",
        "longitude": 106.6887876,
        "latitude": 10.7804472,
        "street_count": 1,
        "highway": null,
        "ref": null
      },
      "geometry": {
        "type": "Point",
        "coordinates": [
          106.6887876,
          10.7804472
        ]
      }
    },
    {
      "type": "Feature",
      "id": "q3-intersection-0469",
      "properties": {
        "source_feature_index": 469,
        "source_relation_id": "19260546",
        "district_id": 3,
        "district_name": "Quận 3",
        "longitude": 106.6890494,
        "latitude": 10.7807024,
        "street_count": 3,
        "highway": null,
        "ref": null
      },
      "geometry": {
        "type": "Point",
        "coordinates": [
          106.6890494,
          10.7807024
        ]
      }
    },
    {
      "type": "Feature",
      "id": "q3-intersection-0470",
      "properties": {
        "source_feature_index": 470,
        "source_relation_id": "19260546",
        "district_id": 3,
        "district_name": "Quận 3",
        "longitude": 106.6863804,
        "latitude": 10.7797411,
        "street_count": 1,
        "highway": null,
        "ref": null
      },
      "geometry": {
        "type": "Point",
        "coordinates": [
          106.6863804,
          10.7797411
        ]
      }
    },
    {
      "type": "Feature",
      "id": "q3-intersection-0471",
      "properties": {
        "source_feature_index": 471,
        "source_relation_id": "19260546",
        "district_id": 3,
        "district_name": "Quận 3",
        "longitude": 106.6866254,
        "latitude": 10.7795061,
        "street_count": 3,
        "highway": null,
        "ref": null
      },
      "geometry": {
        "type": "Point",
        "coordinates": [
          106.6866254,
          10.7795061
        ]
      }
    },
    {
      "type": "Feature",
      "id": "q3-intersection-0472",
      "properties": {
        "source_feature_index": 472,
        "source_relation_id": "19260546",
        "district_id": 3,
        "district_name": "Quận 3",
        "longitude": 106.6883468,
        "latitude": 10.7790111,
        "street_count": 4,
        "highway": null,
        "ref": null
      },
      "geometry": {
        "type": "Point",
        "coordinates": [
          106.6883468,
          10.7790111
        ]
      }
    },
    {
      "type": "Feature",
      "id": "q3-intersection-0473",
      "properties": {
        "source_feature_index": 473,
        "source_relation_id": "19260546",
        "district_id": 3,
        "district_name": "Quận 3",
        "longitude": 106.6872434,
        "latitude": 10.7778991,
        "street_count": 4,
        "highway": null,
        "ref": null
      },
      "geometry": {
        "type": "Point",
        "coordinates": [
          106.6872434,
          10.7778991
        ]
      }
    },
    {
      "type": "Feature",
      "id": "q3-intersection-0474",
      "properties": {
        "source_feature_index": 474,
        "source_relation_id": "19260546",
        "district_id": 3,
        "district_name": "Quận 3",
        "longitude": 106.6931878,
        "latitude": 10.7803866,
        "street_count": 1,
        "highway": null,
        "ref": null
      },
      "geometry": {
        "type": "Point",
        "coordinates": [
          106.6931878,
          10.7803866
        ]
      }
    },
    {
      "type": "Feature",
      "id": "q3-intersection-0475",
      "properties": {
        "source_feature_index": 475,
        "source_relation_id": "19260546",
        "district_id": 3,
        "district_name": "Quận 3",
        "longitude": 106.6930683,
        "latitude": 10.7802565,
        "street_count": 3,
        "highway": null,
        "ref": null
      },
      "geometry": {
        "type": "Point",
        "coordinates": [
          106.6930683,
          10.7802565
        ]
      }
    },
    {
      "type": "Feature",
      "id": "q3-intersection-0476",
      "properties": {
        "source_feature_index": 476,
        "source_relation_id": "19260546",
        "district_id": 3,
        "district_name": "Quận 3",
        "longitude": 106.6929611,
        "latitude": 10.7803588,
        "street_count": 1,
        "highway": null,
        "ref": null
      },
      "geometry": {
        "type": "Point",
        "coordinates": [
          106.6929611,
          10.7803588
        ]
      }
    },
    {
      "type": "Feature",
      "id": "q3-intersection-0477",
      "properties": {
        "source_feature_index": 477,
        "source_relation_id": "19260546",
        "district_id": 3,
        "district_name": "Quận 3",
        "longitude": 106.6934185,
        "latitude": 10.7799444,
        "street_count": 3,
        "highway": null,
        "ref": null
      },
      "geometry": {
        "type": "Point",
        "coordinates": [
          106.6934185,
          10.7799444
        ]
      }
    },
    {
      "type": "Feature",
      "id": "q3-intersection-0478",
      "properties": {
        "source_feature_index": 478,
        "source_relation_id": "19260546",
        "district_id": 3,
        "district_name": "Quận 3",
        "longitude": 106.6916277,
        "latitude": 10.7826789,
        "street_count": 3,
        "highway": null,
        "ref": null
      },
      "geometry": {
        "type": "Point",
        "coordinates": [
          106.6916277,
          10.7826789
        ]
      }
    },
    {
      "type": "Feature",
      "id": "q3-intersection-0479",
      "properties": {
        "source_feature_index": 479,
        "source_relation_id": "19260546",
        "district_id": 3,
        "district_name": "Quận 3",
        "longitude": 106.6918155,
        "latitude": 10.7825068,
        "street_count": 3,
        "highway": null,
        "ref": null
      },
      "geometry": {
        "type": "Point",
        "coordinates": [
          106.6918155,
          10.7825068
        ]
      }
    },
    {
      "type": "Feature",
      "id": "q3-intersection-0480",
      "properties": {
        "source_feature_index": 480,
        "source_relation_id": "19260546",
        "district_id": 3,
        "district_name": "Quận 3",
        "longitude": 106.6874835,
        "latitude": 10.7865765,
        "street_count": 3,
        "highway": null,
        "ref": null
      },
      "geometry": {
        "type": "Point",
        "coordinates": [
          106.6874835,
          10.7865765
        ]
      }
    },
    {
      "type": "Feature",
      "id": "q3-intersection-0481",
      "properties": {
        "source_feature_index": 481,
        "source_relation_id": "19260546",
        "district_id": 3,
        "district_name": "Quận 3",
        "longitude": 106.6877914,
        "latitude": 10.7865895,
        "street_count": 3,
        "highway": null,
        "ref": null
      },
      "geometry": {
        "type": "Point",
        "coordinates": [
          106.6877914,
          10.7865895
        ]
      }
    },
    {
      "type": "Feature",
      "id": "q3-intersection-0482",
      "properties": {
        "source_feature_index": 482,
        "source_relation_id": "19260546",
        "district_id": 3,
        "district_name": "Quận 3",
        "longitude": 106.6854309,
        "latitude": 10.7882958,
        "street_count": 3,
        "highway": null,
        "ref": null
      },
      "geometry": {
        "type": "Point",
        "coordinates": [
          106.6854309,
          10.7882958
        ]
      }
    },
    {
      "type": "Feature",
      "id": "q3-intersection-0483",
      "properties": {
        "source_feature_index": 483,
        "source_relation_id": "19260546",
        "district_id": 3,
        "district_name": "Quận 3",
        "longitude": 106.6851269,
        "latitude": 10.7882722,
        "street_count": 3,
        "highway": null,
        "ref": null
      },
      "geometry": {
        "type": "Point",
        "coordinates": [
          106.6851269,
          10.7882722
        ]
      }
    },
    {
      "type": "Feature",
      "id": "q3-intersection-0484",
      "properties": {
        "source_feature_index": 484,
        "source_relation_id": "19260546",
        "district_id": 3,
        "district_name": "Quận 3",
        "longitude": 106.6831854,
        "latitude": 10.7769816,
        "street_count": 3,
        "highway": null,
        "ref": null
      },
      "geometry": {
        "type": "Point",
        "coordinates": [
          106.6831854,
          10.7769816
        ]
      }
    },
    {
      "type": "Feature",
      "id": "q3-intersection-0485",
      "properties": {
        "source_feature_index": 485,
        "source_relation_id": "19260546",
        "district_id": 3,
        "district_name": "Quận 3",
        "longitude": 106.6877833,
        "latitude": 10.7829549,
        "street_count": 1,
        "highway": null,
        "ref": null
      },
      "geometry": {
        "type": "Point",
        "coordinates": [
          106.6877833,
          10.7829549
        ]
      }
    },
    {
      "type": "Feature",
      "id": "q3-intersection-0486",
      "properties": {
        "source_feature_index": 486,
        "source_relation_id": "19260546",
        "district_id": 3,
        "district_name": "Quận 3",
        "longitude": 106.6874203,
        "latitude": 10.7833077,
        "street_count": 3,
        "highway": null,
        "ref": null
      },
      "geometry": {
        "type": "Point",
        "coordinates": [
          106.6874203,
          10.7833077
        ]
      }
    },
    {
      "type": "Feature",
      "id": "q3-intersection-0487",
      "properties": {
        "source_feature_index": 487,
        "source_relation_id": "19260546",
        "district_id": 3,
        "district_name": "Quận 3",
        "longitude": 106.6837504,
        "latitude": 10.7852993,
        "street_count": 1,
        "highway": null,
        "ref": null
      },
      "geometry": {
        "type": "Point",
        "coordinates": [
          106.6837504,
          10.7852993
        ]
      }
    },
    {
      "type": "Feature",
      "id": "q3-intersection-0488",
      "properties": {
        "source_feature_index": 488,
        "source_relation_id": "19260546",
        "district_id": 3,
        "district_name": "Quận 3",
        "longitude": 106.6880795,
        "latitude": 10.7899655,
        "street_count": 1,
        "highway": null,
        "ref": null
      },
      "geometry": {
        "type": "Point",
        "coordinates": [
          106.6880795,
          10.7899655
        ]
      }
    },
    {
      "type": "Feature",
      "id": "q3-intersection-0489",
      "properties": {
        "source_feature_index": 489,
        "source_relation_id": "19260546",
        "district_id": 3,
        "district_name": "Quận 3",
        "longitude": 106.6878526,
        "latitude": 10.7901366,
        "street_count": 3,
        "highway": null,
        "ref": null
      },
      "geometry": {
        "type": "Point",
        "coordinates": [
          106.6878526,
          10.7901366
        ]
      }
    },
    {
      "type": "Feature",
      "id": "q3-intersection-0490",
      "properties": {
        "source_feature_index": 490,
        "source_relation_id": "19260546",
        "district_id": 3,
        "district_name": "Quận 3",
        "longitude": 106.6905386,
        "latitude": 10.7748572,
        "street_count": 4,
        "highway": null,
        "ref": null
      },
      "geometry": {
        "type": "Point",
        "coordinates": [
          106.6905386,
          10.7748572
        ]
      }
    },
    {
      "type": "Feature",
      "id": "q3-intersection-0491",
      "properties": {
        "source_feature_index": 491,
        "source_relation_id": "19260546",
        "district_id": 3,
        "district_name": "Quận 3",
        "longitude": 106.6928047,
        "latitude": 10.7871699,
        "street_count": 3,
        "highway": null,
        "ref": null
      },
      "geometry": {
        "type": "Point",
        "coordinates": [
          106.6928047,
          10.7871699
        ]
      }
    },
    {
      "type": "Feature",
      "id": "q3-intersection-0492",
      "properties": {
        "source_feature_index": 492,
        "source_relation_id": "19260546",
        "district_id": 3,
        "district_name": "Quận 3",
        "longitude": 106.683537,
        "latitude": 10.777355,
        "street_count": 1,
        "highway": null,
        "ref": null
      },
      "geometry": {
        "type": "Point",
        "coordinates": [
          106.683537,
          10.777355
        ]
      }
    },
    {
      "type": "Feature",
      "id": "q3-intersection-0493",
      "properties": {
        "source_feature_index": 493,
        "source_relation_id": "19260546",
        "district_id": 3,
        "district_name": "Quận 3",
        "longitude": 106.6942307,
        "latitude": 10.7842044,
        "street_count": 3,
        "highway": null,
        "ref": null
      },
      "geometry": {
        "type": "Point",
        "coordinates": [
          106.6942307,
          10.7842044
        ]
      }
    },
    {
      "type": "Feature",
      "id": "q3-intersection-0494",
      "properties": {
        "source_feature_index": 494,
        "source_relation_id": "19260546",
        "district_id": 3,
        "district_name": "Quận 3",
        "longitude": 106.6872178,
        "latitude": 10.7876582,
        "street_count": 1,
        "highway": null,
        "ref": null
      },
      "geometry": {
        "type": "Point",
        "coordinates": [
          106.6872178,
          10.7876582
        ]
      }
    },
    {
      "type": "Feature",
      "id": "q3-intersection-0495",
      "properties": {
        "source_feature_index": 495,
        "source_relation_id": "19260546",
        "district_id": 3,
        "district_name": "Quận 3",
        "longitude": 106.6882419,
        "latitude": 10.7758461,
        "street_count": 1,
        "highway": null,
        "ref": null
      },
      "geometry": {
        "type": "Point",
        "coordinates": [
          106.6882419,
          10.7758461
        ]
      }
    },
    {
      "type": "Feature",
      "id": "q3-intersection-0496",
      "properties": {
        "source_feature_index": 496,
        "source_relation_id": "19260546",
        "district_id": 3,
        "district_name": "Quận 3",
        "longitude": 106.6947229,
        "latitude": 10.7856166,
        "street_count": 3,
        "highway": null,
        "ref": null
      },
      "geometry": {
        "type": "Point",
        "coordinates": [
          106.6947229,
          10.7856166
        ]
      }
    },
    {
      "type": "Feature",
      "id": "q3-intersection-0497",
      "properties": {
        "source_feature_index": 497,
        "source_relation_id": "19260546",
        "district_id": 3,
        "district_name": "Quận 3",
        "longitude": 106.6897543,
        "latitude": 10.7740323,
        "street_count": 3,
        "highway": null,
        "ref": null
      },
      "geometry": {
        "type": "Point",
        "coordinates": [
          106.6897543,
          10.7740323
        ]
      }
    },
    {
      "type": "Feature",
      "id": "q3-intersection-0498",
      "properties": {
        "source_feature_index": 498,
        "source_relation_id": "19260546",
        "district_id": 3,
        "district_name": "Quận 3",
        "longitude": 106.6895518,
        "latitude": 10.7743078,
        "street_count": 1,
        "highway": null,
        "ref": null
      },
      "geometry": {
        "type": "Point",
        "coordinates": [
          106.6895518,
          10.7743078
        ]
      }
    },
    {
      "type": "Feature",
      "id": "q3-intersection-0499",
      "properties": {
        "source_feature_index": 499,
        "source_relation_id": "19260546",
        "district_id": 3,
        "district_name": "Quận 3",
        "longitude": 106.6881596,
        "latitude": 10.7909188,
        "street_count": 2,
        "highway": null,
        "ref": null
      },
      "geometry": {
        "type": "Point",
        "coordinates": [
          106.6881596,
          10.7909188
        ]
      }
    },
    {
      "type": "Feature",
      "id": "q3-intersection-0500",
      "properties": {
        "source_feature_index": 500,
        "source_relation_id": "19260546",
        "district_id": 3,
        "district_name": "Quận 3",
        "longitude": 106.6866917,
        "latitude": 10.7920776,
        "street_count": 3,
        "highway": null,
        "ref": null
      },
      "geometry": {
        "type": "Point",
        "coordinates": [
          106.6866917,
          10.7920776
        ]
      }
    },
    {
      "type": "Feature",
      "id": "q3-intersection-0501",
      "properties": {
        "source_feature_index": 501,
        "source_relation_id": "19260546",
        "district_id": 3,
        "district_name": "Quận 3",
        "longitude": 106.6837066,
        "latitude": 10.7767389,
        "street_count": 4,
        "highway": null,
        "ref": null
      },
      "geometry": {
        "type": "Point",
        "coordinates": [
          106.6837066,
          10.7767389
        ]
      }
    },
    {
      "type": "Feature",
      "id": "q3-intersection-0502",
      "properties": {
        "source_feature_index": 502,
        "source_relation_id": "19260546",
        "district_id": 3,
        "district_name": "Quận 3",
        "longitude": 106.6836573,
        "latitude": 10.7766932,
        "street_count": 4,
        "highway": null,
        "ref": null
      },
      "geometry": {
        "type": "Point",
        "coordinates": [
          106.6836573,
          10.7766932
        ]
      }
    },
    {
      "type": "Feature",
      "id": "q3-intersection-0503",
      "properties": {
        "source_feature_index": 503,
        "source_relation_id": "19260546",
        "district_id": 3,
        "district_name": "Quận 3",
        "longitude": 106.6891553,
        "latitude": 10.7850588,
        "street_count": 4,
        "highway": "traffic_signals",
        "ref": null
      },
      "geometry": {
        "type": "Point",
        "coordinates": [
          106.6891553,
          10.7850588
        ]
      }
    },
    {
      "type": "Feature",
      "id": "q3-intersection-0504",
      "properties": {
        "source_feature_index": 504,
        "source_relation_id": "19260546",
        "district_id": 3,
        "district_name": "Quận 3",
        "longitude": 106.6847283,
        "latitude": 10.7901398,
        "street_count": 3,
        "highway": null,
        "ref": null
      },
      "geometry": {
        "type": "Point",
        "coordinates": [
          106.6847283,
          10.7901398
        ]
      }
    },
    {
      "type": "Feature",
      "id": "q3-intersection-0505",
      "properties": {
        "source_feature_index": 505,
        "source_relation_id": "19260546",
        "district_id": 3,
        "district_name": "Quận 3",
        "longitude": 106.6878837,
        "latitude": 10.791133,
        "street_count": 2,
        "highway": null,
        "ref": null
      },
      "geometry": {
        "type": "Point",
        "coordinates": [
          106.6878837,
          10.791133
        ]
      }
    },
    {
      "type": "Feature",
      "id": "q3-intersection-0506",
      "properties": {
        "source_feature_index": 506,
        "source_relation_id": "19260546",
        "district_id": 3,
        "district_name": "Quận 3",
        "longitude": 106.6891407,
        "latitude": 10.7747043,
        "street_count": 1,
        "highway": null,
        "ref": null
      },
      "geometry": {
        "type": "Point",
        "coordinates": [
          106.6891407,
          10.7747043
        ]
      }
    },
    {
      "type": "Feature",
      "id": "q3-intersection-0507",
      "properties": {
        "source_feature_index": 507,
        "source_relation_id": "19260546",
        "district_id": 3,
        "district_name": "Quận 3",
        "longitude": 106.6887716,
        "latitude": 10.7749098,
        "street_count": 3,
        "highway": null,
        "ref": null
      },
      "geometry": {
        "type": "Point",
        "coordinates": [
          106.6887716,
          10.7749098
        ]
      }
    },
    {
      "type": "Feature",
      "id": "q3-intersection-0508",
      "properties": {
        "source_feature_index": 508,
        "source_relation_id": "19260546",
        "district_id": 3,
        "district_name": "Quận 3",
        "longitude": 106.6890732,
        "latitude": 10.7746568,
        "street_count": 1,
        "highway": null,
        "ref": null
      },
      "geometry": {
        "type": "Point",
        "coordinates": [
          106.6890732,
          10.7746568
        ]
      }
    },
    {
      "type": "Feature",
      "id": "q3-intersection-0509",
      "properties": {
        "source_feature_index": 509,
        "source_relation_id": "19260546",
        "district_id": 3,
        "district_name": "Quận 3",
        "longitude": 106.6871727,
        "latitude": 10.7916957,
        "street_count": 2,
        "highway": null,
        "ref": null
      },
      "geometry": {
        "type": "Point",
        "coordinates": [
          106.6871727,
          10.7916957
        ]
      }
    },
    {
      "type": "Feature",
      "id": "q3-intersection-0510",
      "properties": {
        "source_feature_index": 510,
        "source_relation_id": "19260546",
        "district_id": 3,
        "district_name": "Quận 3",
        "longitude": 106.6919281,
        "latitude": 10.7878659,
        "street_count": 4,
        "highway": null,
        "ref": null
      },
      "geometry": {
        "type": "Point",
        "coordinates": [
          106.6919281,
          10.7878659
        ]
      }
    },
    {
      "type": "Feature",
      "id": "q3-intersection-0511",
      "properties": {
        "source_feature_index": 511,
        "source_relation_id": "19260546",
        "district_id": 3,
        "district_name": "Quận 3",
        "longitude": 106.6936817,
        "latitude": 10.7864593,
        "street_count": 4,
        "highway": null,
        "ref": null
      },
      "geometry": {
        "type": "Point",
        "coordinates": [
          106.6936817,
          10.7864593
        ]
      }
    },
    {
      "type": "Feature",
      "id": "q3-intersection-0512",
      "properties": {
        "source_feature_index": 512,
        "source_relation_id": "19260546",
        "district_id": 3,
        "district_name": "Quận 3",
        "longitude": 106.6898071,
        "latitude": 10.7895934,
        "street_count": 2,
        "highway": null,
        "ref": null
      },
      "geometry": {
        "type": "Point",
        "coordinates": [
          106.6898071,
          10.7895934
        ]
      }
    },
    {
      "type": "Feature",
      "id": "q3-intersection-0513",
      "properties": {
        "source_feature_index": 513,
        "source_relation_id": "19260546",
        "district_id": 3,
        "district_name": "Quận 3",
        "longitude": 106.6895635,
        "latitude": 10.7897843,
        "street_count": 3,
        "highway": null,
        "ref": null
      },
      "geometry": {
        "type": "Point",
        "coordinates": [
          106.6895635,
          10.7897843
        ]
      }
    },
    {
      "type": "Feature",
      "id": "q3-intersection-0514",
      "properties": {
        "source_feature_index": 514,
        "source_relation_id": "19260546",
        "district_id": 3,
        "district_name": "Quận 3",
        "longitude": 106.6896367,
        "latitude": 10.7897277,
        "street_count": 2,
        "highway": null,
        "ref": null
      },
      "geometry": {
        "type": "Point",
        "coordinates": [
          106.6896367,
          10.7897277
        ]
      }
    },
    {
      "type": "Feature",
      "id": "q3-intersection-0515",
      "properties": {
        "source_feature_index": 515,
        "source_relation_id": "19260546",
        "district_id": 3,
        "district_name": "Quận 3",
        "longitude": 106.6866872,
        "latitude": 10.7920861,
        "street_count": 3,
        "highway": null,
        "ref": null
      },
      "geometry": {
        "type": "Point",
        "coordinates": [
          106.6866872,
          10.7920861
        ]
      }
    },
    {
      "type": "Feature",
      "id": "q3-intersection-0516",
      "properties": {
        "source_feature_index": 516,
        "source_relation_id": "19260546",
        "district_id": 3,
        "district_name": "Quận 3",
        "longitude": 106.6948247,
        "latitude": 10.7856078,
        "street_count": 3,
        "highway": null,
        "ref": null
      },
      "geometry": {
        "type": "Point",
        "coordinates": [
          106.6948247,
          10.7856078
        ]
      }
    },
    {
      "type": "Feature",
      "id": "q3-intersection-0517",
      "properties": {
        "source_feature_index": 517,
        "source_relation_id": "19260546",
        "district_id": 3,
        "district_name": "Quận 3",
        "longitude": 106.6829163,
        "latitude": 10.7789872,
        "street_count": 3,
        "highway": null,
        "ref": null
      },
      "geometry": {
        "type": "Point",
        "coordinates": [
          106.6829163,
          10.7789872
        ]
      }
    },
    {
      "type": "Feature",
      "id": "q3-intersection-0518",
      "properties": {
        "source_feature_index": 518,
        "source_relation_id": "19260546",
        "district_id": 3,
        "district_name": "Quận 3",
        "longitude": 106.6828435,
        "latitude": 10.7786892,
        "street_count": 3,
        "highway": null,
        "ref": null
      },
      "geometry": {
        "type": "Point",
        "coordinates": [
          106.6828435,
          10.7786892
        ]
      }
    }
  ]
}
